date,YYYYMMDD,EC,FS,GP,KZN,LP,MP,NC,NW,WC,total,source
2021-02-17,20210217,5.0,12.0,159.0,52.0,1.0,2.0,20.0,,63.0,314,https://sacoronavirus.co.za/latest-vaccine-statistics/
2021-02-18,20210218,98.0,272.0,547.0,433.0,,,197.0,270.0,357.0,2177,https://sacoronavirus.co.za/latest-vaccine-statistics/
2021-02-19,20210219,331.0,559.0,1586.0,1313.0,76.0,538.0,491.0,965.0,917.0,6776,https://sacoronavirus.co.za/latest-vaccine-statistics/
2021-02-20,20210220,,,2018.0,,506.0,1411.0,580.0,1506.0,1711.0,9935,https://sacoronavirus.co.za/latest-vaccine-statistics/
2021-02-21,20210221,570.0,,3026.0,1316.0,1255.0,2594.0,831.0,2232.0,2620.0,15003,https://sacoronavirus.co.za/latest-vaccine-statistics/
2021-02-22,20210222,891.0,1281.0,4769.0,2378.0,2122.0,3607.0,1159.0,3007.0,3704.0,22918,https://sacoronavirus.co.za/latest-vaccine-statistics/
2021-02-23,20210223,1704.0,2062.0,7318.0,3778.0,3077.0,3609.0,1453.0,3937.0,5132.0,32070,https://sacoronavirus.co.za/latest-vaccine-statistics/
2021-02-24,20210224,2624.0,2889.0,10088.0,5578.0,4109.0,,1816.0,5091.0,6846.0,42650,https://sacoronavirus.co.za/latest-vaccine-statistics/
2021-02-25,20210225,3553.0,3690.0,13204.0,7547.0,5399.0,,2097.0,6233.0,8545.0,53877,https://sacoronavirus.co.za/latest-vaccine-statistics/
2021-02-26,20210226,4344.0,4242.0,16670.0,9657.0,6442.0,3743.0,2473.0,6783.0,10191.0,64545,https://sacoronavirus.co.za/latest-vaccine-statistics/
2021-02-27,20210227,4520.0,4546.0,17699.0,9658.0,7010.0,,2571.0,6986.0,11450.0,68183,https://sacoronavirus.co.za/latest-vaccine-statistics/
2021-02-28,20210228,4715.0,4821.0,18706.0,,,,2717.0,7354.0,12691.0,71415,https://sacoronavirus.co.za/latest-vaccine-statistics/
2021-03-01,20210301,4818.0,5411.0,18710.0,10374.0,7062.0,4017.0,2977.0,7575.0,13175.0,74119,https://sacoronavirus.co.za/latest-vaccine-statistics/
2021-03-02,20210302,5068.0,5961.0,18866.0,10610.0,7275.0,4382.0,3210.0,7703.0,13970.0,77045,https://sacoronavirus.co.za/latest-vaccine-statistics/
2021-03-03,20210303,5720.0,6773.0,20549.0,11963.0,8000.0,5193.0,3420.0,8065.0,15042.0,84725,https://sacoronavirus.co.za/latest-vaccine-statistics/
2021-03-04,20210304,6552.0,7567.0,22893.0,13755.0,8496.0,6001.0,3529.0,8722.0,16445.0,93960,https://sacoronavirus.co.za/latest-vaccine-statistics/
2021-03-05,20210305,7254.0,7919.0,25154.0,15583.0,8928.0,6634.0,3711.0,9350.0,17264.0,101797,https://sacoronavirus.co.za/latest-vaccine-statistics/
2021-03-06,20210306,,7995.0,25637.0,15584.0,9515.0,6635.0,3764.0,9536.0,,103184,https://sacoronavirus.co.za/latest-vaccine-statistics/
2021-03-07,20210307,,,25638.0,15585.0,9657.0,6636.0,3904.0,,,103469,https://sacoronavirus.co.za/latest-vaccine-statistics/
2021-03-08,20210308,7664.0,8321.0,27165.0,17112.0,9658.0,6944.0,4053.0,10009.0,17800.0,108726,https://sacoronavirus.co.za/latest-vaccine-statistics/
2021-03-09,20210309,8965.0,9230.0,29715.0,19860.0,10115.0,7484.0,4156.0,10528.0,19567.0,119620,https://sacoronavirus.co.za/latest-vaccine-statistics/
2021-03-10,20210310,10006.0,10173.0,32829.0,22287.0,10682.0,8042.0,4238.0,10921.0,21090.0,130268,https://sacoronavirus.co.za/latest-vaccine-statistics/
2021-03-11,20210311,10759.0,10583.0,35189.0,24498.0,11145.0,8611.0,4317.0,11313.0,22799.0,139214,https://sacoronavirus.co.za/latest-vaccine-statistics/
2021-03-12,20210312,11292.0,11051.0,36367.0,25807.0,12090.0,9120.0,4346.0,11763.0,24513.0,146349,https://sacoronavirus.co.za/latest-vaccine-statistics/
2021-03-13,20210313,,,36373.0,,,9122.0,4355.0,11805.0,24734.0,146629,https://sacoronavirus.co.za/latest-vaccine-statistics/
2021-03-14,20210314,,,36377.0,25809.0,12091.0,,,,,146636,https://sacoronavirus.co.za/latest-vaccine-statistics/
2021-03-15,20210315,12022.0,11670.0,37077.0,25845.0,12110.0,9218.0,4359.0,11885.0,25139.0,149325,https://sacoronavirus.co.za/latest-vaccine-statistics/
2021-03-16,20210316,12970.0,12202.0,39866.0,27297.0,12886.0,9620.0,4378.0,12176.0,27173.0,158568,https://sacoronavirus.co.za/latest-vaccine-statistics/
2021-03-17,20210317,13995.0,12846.0,43030.0,29743.0,13654.0,9934.0,4424.0,12824.0,29130.0,169580,https://sacoronavirus.co.za/latest-vaccine-statistics/
2021-03-18,20210318,15464.0,13257.0,45313.0,32340.0,13854.0,10465.0,4508.0,13355.0,30096.0,178652,https://sacoronavirus.co.za/latest-vaccine-statistics/
2021-03-19,20210319,16849.0,13888.0,46521.0,33620.0,14749.0,10675.0,4571.0,13555.0,30583.0,185011,https://sacoronavirus.co.za/latest-vaccine-statistics/
2021-03-20,20210320,16850.0,,,,14750.0,10676.0,,,30584.0,185015,https://sacoronavirus.co.za/latest-vaccine-statistics/
2021-03-21,20210321,,,46550.0,,14751.0,10682.0,,13556.0,30589.0,185057,https://sacoronavirus.co.za/latest-vaccine-statistics/
2021-03-22,20210322,16852.0,,46553.0,33621.0,,10683.0,,,,185064,https://sacoronavirus.co.za/latest-vaccine-statistics/
2021-03-23,20210323,18328.0,14343.0,50140.0,35933.0,15546.0,10941.0,4669.0,13919.0,32887.0,196706,https://sacoronavirus.co.za/latest-vaccine-statistics/
2021-03-24,20210324,19620.0,15002.0,54101.0,38712.0,16327.0,11550.0,4761.0,14536.0,35695.0,210304,https://sacoronavirus.co.za/latest-vaccine-statistics/
2021-03-25,20210325,21215.0,15221.0,56892.0,41170.0,17003.0,12503.0,4819.0,15267.0,38269.0,222359,https://sacoronavirus.co.za/latest-vaccine-statistics/
2021-03-26,20210326,22778.0,15628.0,59767.0,42631.0,17566.0,12993.0,,15870.0,40862.0,232914,https://sacoronavirus.co.za/latest-vaccine-statistics/
2021-03-27,20210327,,,60048.0,,,,5011.0,15940.0,,233457,https://sacoronavirus.co.za/latest-vaccine-statistics/
2021-03-28,20210328,,,,,,,5155.0,,,233601,https://sacoronavirus.co.za/latest-vaccine-statistics/
2021-03-29,20210329,24349.0,,61382.0,43551.0,18484.0,13111.0,5359.0,16368.0,43081.0,241313,https://sacoronavirus.co.za/latest-vaccine-statistics/
2021-03-30,20210330,25921.0,15870.0,64754.0,45907.0,19387.0,14012.0,5497.0,16667.0,45498.0,253513,https://sacoronavirus.co.za/latest-vaccine-statistics/
2021-03-31,20210331,27727.0,16540.0,67280.0,48342.0,20214.0,14606.0,,17097.0,48177.0,265480,https://sacoronavirus.co.za/latest-vaccine-statistics/
2021-04-01,20210401,28793.0,16612.0,68898.0,48703.0,20290.0,14901.0,,17217.0,49654.0,270565,https://sacoronavirus.co.za/latest-vaccine-statistics/
2021-04-02,20210402,,,68899.0,,,,,,,270566,https://sacoronavirus.co.za/latest-vaccine-statistics/
2021-04-03,20210403,,,68905.0,,20292.0,,,,,270574,https://sacoronavirus.co.za/latest-vaccine-statistics/
2021-04-04,20210404,,16613.0,68907.0,,,,,,49656.0,270579,https://sacoronavirus.co.za/latest-vaccine-statistics/
2021-04-05,20210405,,,,48704.0,,14902.0,,,,270581,https://sacoronavirus.co.za/latest-vaccine-statistics/
2021-04-06,20210406,29837.0,16671.0,69968.0,48706.0,20299.0,15197.0,,17371.0,50403.0,273949,https://sacoronavirus.co.za/latest-vaccine-statistics/
2021-04-07,20210407,30988.0,17218.0,71581.0,49725.0,,15633.0,5498.0,17738.0,51684.0,280364,https://sacoronavirus.co.za/latest-vaccine-statistics/
2021-04-08,20210408,32161.0,17719.0,73091.0,51403.0,,16174.0,5586.0,17883.0,52183.0,286499,https://sacoronavirus.co.za/latest-vaccine-statistics/
2021-04-09,20210409,33432.0,17968.0,74085.0,51699.0,20300.0,16294.0,5695.0,17893.0,52489.0,289855,https://sacoronavirus.co.za/latest-vaccine-statistics/
2021-04-10,20210410,,17970.0,74089.0,,,,5733.0,,,289899,https://sacoronavirus.co.za/latest-vaccine-statistics/
2021-04-11,20210411,33433.0,,,51700.0,,,,,,289901,https://sacoronavirus.co.za/latest-vaccine-statistics/
2021-04-12,20210412,34494.0,17990.0,74409.0,51702.0,,16412.0,5848.0,18079.0,52560.0,291794,https://sacoronavirus.co.za/latest-vaccine-statistics/
2021-04-13,20210413,35264.0,18112.0,74831.0,51722.0,,16869.0,5999.0,18432.0,52994.0,294523,https://sacoronavirus.co.za/latest-vaccine-statistics/
2021-04-14,20210414,,,,,,16870.0,,,52995.0,294525,https://sacoronavirus.co.za/latest-vaccine-statistics/
2021-04-15,20210415,,,74834.0,,,,,,,294528,https://sacoronavirus.co.za/latest-vaccine-statistics/
2021-04-16,20210416,,,,,20301.0,,,,,294529,https://sacoronavirus.co.za/latest-vaccine-statistics/
2021-04-17,20210417,,,,,,16871.0,,,,294530,https://sacoronavirus.co.za/latest-vaccine-statistics/
2021-04-18,20210418,,,74842.0,,,,,,52996.0,294539,https://sacoronavirus.co.za/latest-vaccine-statistics/
2021-04-19,20210419,,,,,,,,,52997.0,294540,https://sacoronavirus.co.za/latest-vaccine-statistics/
2021-04-20,20210420,,,74848.0,51723.0,,,,,,294547,https://sacoronavirus.co.za/latest-vaccine-statistics/
2021-04-21,20210421,35265.0,,74857.0,51725.0,,,,18433.0,,294560,https://sacoronavirus.co.za/latest-vaccine-statistics/
2021-04-22,20210422,,,74858.0,,,,,,,294561,https://sacoronavirus.co.za/latest-vaccine-statistics/
2021-04-23,20210423,35267.0,,74860.0,,,,,,,294565,https://sacoronavirus.co.za/latest-vaccine-statistics/
2021-04-24,20210424,,,74865.0,51783.0,,,,,,294628,https://sacoronavirus.co.za/latest-vaccine-statistics/
2021-04-26,20210426,,,74900.0,51784.0,20302.0,,,,52998.0,294666,https://sacoronavirus.co.za/latest-vaccine-statistics/
2021-04-27,20210427,,,,51786.0,,,,,52999.0,294669,https://sacoronavirus.co.za/latest-vaccine-statistics/
2021-04-28,20210428,35955.0,18232.0,75412.0,53955.0,20604.0,,,18550.0,54131.0,299709,https://sacoronavirus.co.za/latest-vaccine-statistics/
2021-04-29,20210429,36669.0,18796.0,78143.0,56641.0,21131.0,17114.0,6086.0,18866.0,55923.0,309369,https://sacoronavirus.co.za/latest-vaccine-statistics/
2021-04-30,20210430,37209.0,19469.0,80722.0,59667.0,21975.0,17465.0,6238.0,19130.0,58283.0,320158,https://sacoronavirus.co.za/latest-vaccine-statistics/
2021-05-01,20210501,,,80775.0,60315.0,21976.0,17549.0,6280.0,19170.0,58442.0,321185,https://sacoronavirus.co.za/latest-vaccine-statistics/
2021-05-02,20210502,,,,60817.0,,,6290.0,19196.0,,321723,https://sacoronavirus.co.za/latest-vaccine-statistics/
2021-05-03,20210503,37795.0,19515.0,83559.0,63232.0,23035.0,17691.0,6330.0,19916.0,60501.0,331574,https://sacoronavirus.co.za/latest-vaccine-statistics/
2021-05-04,20210504,38701.0,19846.0,85779.0,66601.0,24337.0,17926.0,6506.0,20817.0,62651.0,343164,https://sacoronavirus.co.za/latest-vaccine-statistics/
2021-05-05,20210505,40152.0,20159.0,88134.0,70368.0,25846.0,18174.0,6699.0,21190.0,65131.0,355853,https://sacoronavirus.co.za/latest-vaccine-statistics/
2021-05-06,20210506,41935.0,20248.0,92511.0,74021.0,26686.0,18484.0,6926.0,21726.0,67722.0,370259,https://sacoronavirus.co.za/latest-vaccine-statistics/
2021-05-07,20210507,43775.0,20436.0,96680.0,77829.0,27626.0,18675.0,7186.0,22289.0,70878.0,385374,https://sacoronavirus.co.za/latest-vaccine-statistics/
2021-05-08,20210508,,,96681.0,,27803.0,18706.0,7260.0,22329.0,71507.0,386326,https://sacoronavirus.co.za/latest-vaccine-statistics/
2021-05-09,20210509,43776.0,,96682.0,77830.0,,,7298.0,,,386367,https://sacoronavirus.co.za/latest-vaccine-statistics/
2021-05-10,20210510,45922.0,20769.0,99711.0,80939.0,28266.0,18768.0,7575.0,22598.0,74480.0,399028,https://sacoronavirus.co.za/latest-vaccine-statistics/
2021-05-11,20210511,48332.0,21304.0,106070.0,84963.0,29169.0,19226.0,7929.0,23071.0,78483.0,418547,https://sacoronavirus.co.za/latest-vaccine-statistics/
2021-05-12,20210512,51158.0,22385.0,113680.0,87248.0,29794.0,19721.0,8415.0,23101.0,83574.0,439076,https://sacoronavirus.co.za/latest-vaccine-statistics/
2021-05-13,20210513,53887.0,23599.0,120763.0,90358.0,31341.0,20223.0,8880.0,,88083.0,460235,https://sacoronavirus.co.za/latest-vaccine-statistics/
2021-05-14,20210514,57365.0,24202.0,128098.0,92845.0,32640.0,20622.0,9300.0,23142.0,92063.0,480277,https://sacoronavirus.co.za/latest-vaccine-statistics/
2021-05-15,20210515,57485.0,24225.0,129020.0,92846.0,33415.0,20792.0,9351.0,,92606.0,482882,https://sacoronavirus.co.za/latest-vaccine-statistics/
2021-05-16,20210516,57503.0,,129057.0,,,20942.0,,23145.0,92607.0,483091,https://sacoronavirus.co.za/latest-vaccine-statistics/
2021-05-17,20210517,60660.0,24493.0,132713.0,99069.0,34394.0,21329.0,9530.0,23846.0,93530.0,499564,https://sacoronavirus.co.za/latest-vaccine-statistics/
2021-05-18,20210518,66109.0,24858.0,140488.0,114575.0,37650.0,24346.0,9838.0,25824.0,95214.0,538902,https://sacoronavirus.co.za/latest-vaccine-statistics/
2021-05-19,20210519,71533.0,25378.0,151194.0,133587.0,41770.0,26416.0,10181.0,28605.0,97274.0,585938,https://sacoronavirus.co.za/latest-vaccine-statistics/
2021-05-20,20210520,75345.0,25816.0,163233.0,154659.0,46487.0,27240.0,10668.0,32218.0,99886.0,635552,https://sacoronavirus.co.za/latest-vaccine-statistics/
2021-05-21,20210521,79492.0,27133.0,176115.0,175996.0,51508.0,28829.0,11060.0,35817.0,102588.0,688538,https://sacoronavirus.co.za/latest-vaccine-statistics/
2021-05-22,20210522,79656.0,,177743.0,177424.0,52012.0,28840.0,11194.0,36389.0,102842.0,693233,https://sacoronavirus.co.za/latest-vaccine-statistics/
2021-05-23,20210523,79868.0,,178446.0,178335.0,52835.0,28843.0,11292.0,36522.0,102843.0,696117,https://sacoronavirus.co.za/latest-vaccine-statistics/
2021-05-24,20210524,86404.0,28273.0,192673.0,199217.0,57567.0,31325.0,11907.0,39734.0,107454.0,754554,https://sacoronavirus.co.za/latest-vaccine-statistics/
2021-05-25,20210525,92971.0,31590.0,210887.0,221121.0,65250.0,33978.0,12716.0,42962.0,114163.0,825638,https://sacoronavirus.co.za/latest-vaccine-statistics/
2021-05-26,20210526,100099.0,36119.0,231115.0,243864.0,72648.0,36839.0,13387.0,46084.0,122056.0,902211,https://sacoronavirus.co.za/latest-vaccine-statistics/
2021-05-27,20210527,106666.0,40402.0,255335.0,265566.0,80531.0,39813.0,14027.0,49215.0,130329.0,981884,https://sacoronavirus.co.za/latest-vaccine-statistics/
2021-05-28,20210528,111551.0,44097.0,275850.0,286698.0,87836.0,43009.0,14576.0,52090.0,139010.0,1054717,https://sacoronavirus.co.za/latest-vaccine-statistics/
2021-05-29,20210529,111710.0,44326.0,276919.0,288144.0,87931.0,43051.0,,52414.0,139610.0,1058681,https://sacoronavirus.co.za/latest-vaccine-statistics/
2021-05-30,20210530,111724.0,44524.0,276958.0,289607.0,87933.0,43063.0,,52474.0,139611.0,1060470,https://sacoronavirus.co.za/latest-vaccine-statistics/
2021-05-31,20210531,117601.0,48237.0,300049.0,310033.0,95948.0,46579.0,15236.0,56111.0,150595.0,1140389,https://sacoronavirus.co.za/latest-vaccine-statistics/
2021-06-01,20210601,121133.0,53189.0,320833.0,327337.0,102661.0,50315.0,15709.0,59421.0,164873.0,1215471,https://sacoronavirus.co.za/latest-vaccine-statistics/
2021-06-02,20210602,123747.0,58474.0,341479.0,343470.0,109789.0,55947.0,16198.0,63239.0,180878.0,1293221,https://sacoronavirus.co.za/latest-vaccine-statistics/
2021-06-03,20210603,126447.0,63498.0,361270.0,356458.0,118107.0,60354.0,16625.0,67440.0,195635.0,1365834,https://sacoronavirus.co.za/latest-vaccine-statistics/
2021-06-04,20210604,131844.0,69119.0,379012.0,369509.0,124056.0,65694.0,17021.0,71138.0,208472.0,1435865,https://sacoronavirus.co.za/latest-vaccine-statistics/
2021-06-05,20210605,131975.0,69602.0,379615.0,371986.0,124072.0,66070.0,,71628.0,208996.0,1440965,https://sacoronavirus.co.za/latest-vaccine-statistics/
2021-06-06,20210606,131980.0,70242.0,379709.0,373349.0,124078.0,66267.0,,71747.0,209082.0,1443475,https://sacoronavirus.co.za/latest-vaccine-statistics/
2021-06-07,20210607,140155.0,75164.0,401490.0,389177.0,134721.0,70671.0,17830.0,75638.0,221524.0,1526370,https://sacoronavirus.co.za/latest-vaccine-statistics/
2021-06-08,20210608,149501.0,80411.0,423638.0,405079.0,148702.0,76043.0,18755.0,79425.0,236774.0,1618328,https://sacoronavirus.co.za/latest-vaccine-statistics/
2021-06-09,20210609,158509.0,85276.0,445229.0,421851.0,164056.0,82112.0,19745.0,83168.0,253496.0,1713442,https://sacoronavirus.co.za/latest-vaccine-statistics/
2021-06-10,20210610,167381.0,89590.0,463452.0,436073.0,178260.0,86421.0,20629.0,86623.0,268807.0,1797236,https://sacoronavirus.co.za/latest-vaccine-statistics/
2021-06-11,20210611,176122.0,94244.0,483219.0,450906.0,182560.0,90520.0,21641.0,90166.0,283144.0,1872522,https://sacoronavirus.co.za/latest-vaccine-statistics/
2021-06-12,20210612,176218.0,94613.0,483685.0,453117.0,182842.0,90707.0,21663.0,90639.0,283864.0,1877348,https://sacoronavirus.co.za/latest-vaccine-statistics/
2021-06-13,20210613,176279.0,94777.0,483923.0,454697.0,182905.0,90724.0,,90654.0,283865.0,1879487,https://sacoronavirus.co.za/latest-vaccine-statistics/
2021-06-14,20210614,188692.0,100013.0,503973.0,467874.0,201724.0,95944.0,22639.0,94488.0,297802.0,1973149,https://sacoronavirus.co.za/latest-vaccine-statistics/
2021-06-15,20210615,200831.0,105396.0,524018.0,481427.0,219158.0,101328.0,23559.0,98520.0,313701.0,2067938,https://sacoronavirus.co.za/latest-vaccine-statistics/
2021-06-16,20210616,201011.0,105753.0,524176.0,484665.0,219303.0,101967.0,,99484.0,314426.0,2074344,https://sacoronavirus.co.za/latest-vaccine-statistics/
2021-06-17,20210617,214721.0,111043.0,544641.0,497485.0,236841.0,107839.0,24927.0,103636.0,330650.0,2171783,https://sacoronavirus.co.za/latest-vaccine-statistics/
2021-06-18,20210618,224702.0,114931.0,562593.0,509420.0,237763.0,111871.0,25947.0,106595.0,345117.0,2238939,https://sacoronavirus.co.za/latest-vaccine-statistics/
2021-06-19,20210619,224753.0,115243.0,562839.0,511123.0,237918.0,111935.0,,106945.0,345448.0,2242151,https://sacoronavirus.co.za/latest-vaccine-statistics/
2021-06-20,20210620,224761.0,115339.0,563050.0,512028.0,238091.0,111952.0,,106956.0,345506.0,2243630,https://sacoronavirus.co.za/latest-vaccine-statistics/
2021-06-21,20210621,238471.0,119509.0,584278.0,523367.0,254688.0,116561.0,27275.0,110662.0,357138.0,2331949,https://sacoronavirus.co.za/latest-vaccine-statistics/
2021-06-22,20210622,250972.0,123672.0,603028.0,534498.0,269037.0,121032.0,28759.0,113921.0,368203.0,2413122,https://sacoronavirus.co.za/latest-vaccine-statistics/
2021-06-23,20210623,268828.0,131451.0,625724.0,564902.0,280112.0,130205.0,30488.0,121076.0,379222.0,2532008,https://sacoronavirus.co.za/latest-vaccine-statistics/
2021-06-24,20210624,287951.0,138237.0,651532.0,595736.0,291820.0,140573.0,32747.0,128923.0,390502.0,2658021,https://sacoronavirus.co.za/latest-vaccine-statistics/
2021-06-25,20210625,302998.0,145734.0,675124.0,619761.0,308449.0,150161.0,34341.0,135180.0,401820.0,2773568,https://sacoronavirus.co.za/latest-vaccine-statistics/
2021-06-26,20210626,303136.0,146108.0,676354.0,621435.0,322647.0,150628.0,34461.0,135720.0,402011.0,2792500,https://sacoronavirus.co.za/latest-vaccine-statistics/
2021-06-27,20210627,303146.0,146132.0,677136.0,622310.0,322648.0,150635.0,34541.0,135827.0,402046.0,2794421,https://sacoronavirus.co.za/latest-vaccine-statistics/
2021-06-28,20210628,324365.0,150872.0,702499.0,641397.0,335047.0,156024.0,36480.0,141229.0,413738.0,2901651,https://sacoronavirus.co.za/latest-vaccine-statistics/
2021-06-29,20210629,345888.0,155136.0,730274.0,661890.0,348620.0,162019.0,38980.0,147475.0,429389.0,3019671,https://sacoronavirus.co.za/latest-vaccine-statistics/
2021-06-30,20210630,367186.0,161158.0,758247.0,694580.0,361863.0,166808.0,41344.0,154842.0,445956.0,3151984,https://sacoronavirus.co.za/latest-vaccine-statistics/
2021-07-01,20210701,386916.0,169814.0,789010.0,726597.0,375930.0,172683.0,43565.0,162399.0,462986.0,3289900,https://sacoronavirus.co.za/latest-vaccine-statistics/
2021-07-02,20210702,403294.0,177764.0,820878.0,758664.0,395053.0,178924.0,45903.0,170009.0,484415.0,3434904,https://sacoronavirus.co.za/latest-vaccine-statistics/
2021-07-03,20210703,403496.0,178130.0,825249.0,761680.0,395136.0,178984.0,46115.0,171513.0,486670.0,3446973,https://sacoronavirus.co.za/latest-vaccine-statistics/
2021-07-04,20210704,403689.0,178149.0,828545.0,763847.0,395153.0,179071.0,,171675.0,488271.0,3454515,https://sacoronavirus.co.za/latest-vaccine-statistics/
2021-07-05,20210705,425837.0,183655.0,866515.0,794677.0,409286.0,186583.0,48652.0,177820.0,516395.0,3609420,https://sacoronavirus.co.za/latest-vaccine-statistics/
2021-07-06,20210706,449698.0,191179.0,908271.0,832297.0,426007.0,194813.0,51666.0,184728.0,548298.0,3786957,https://sacoronavirus.co.za/latest-vaccine-statistics/
2021-07-07,20210707,476202.0,200389.0,957433.0,875888.0,444023.0,203715.0,55314.0,192919.0,582210.0,3988093,https://sacoronavirus.co.za/latest-vaccine-statistics/
2021-07-08,20210708,506160.0,210262.0,1010448.0,921219.0,466041.0,212167.0,59731.0,201642.0,614991.0,4202661,https://sacoronavirus.co.za/latest-vaccine-statistics/
2021-07-09,20210709,529795.0,219709.0,1063688.0,967559.0,488931.0,220126.0,63605.0,209379.0,645898.0,4408690,https://sacoronavirus.co.za/latest-vaccine-statistics/
2021-07-10,20210710,530104.0,220405.0,1069769.0,971275.0,489138.0,221184.0,63701.0,211498.0,648332.0,4425406,https://sacoronavirus.co.za/latest-vaccine-statistics/
2021-07-11,20210711,530385.0,220823.0,1073607.0,974150.0,489152.0,221710.0,63715.0,211854.0,648968.0,4434364,https://sacoronavirus.co.za/latest-vaccine-statistics/
2021-07-12,20210712,560250.0,230775.0,1120743.0,978805.0,512061.0,231969.0,67682.0,221621.0,675995.0,4599901,https://sacoronavirus.co.za/latest-vaccine-statistics/
2021-07-13,20210713,582942.0,241140.0,1155232.0,981159.0,534649.0,241782.0,71516.0,231625.0,706786.0,4746831,https://sacoronavirus.co.za/latest-vaccine-statistics/
2021-07-14,20210714,608696.0,251039.0,1195134.0,984334.0,557892.0,252215.0,75571.0,240963.0,740835.0,4906679,https://sacoronavirus.co.za/latest-vaccine-statistics/
2021-07-15,20210715,639335.0,263251.0,1245426.0,990250.0,583943.0,262784.0,78951.0,251288.0,778378.0,5093606,https://sacoronavirus.co.za/latest-vaccine-statistics/
2021-07-16,20210716,666556.0,275710.0,1302022.0,1001324.0,599288.0,273733.0,83149.0,262502.0,815733.0,5280017,https://sacoronavirus.co.za/latest-vaccine-statistics/
2021-07-17,20210717,667882.0,277465.0,1311293.0,1006519.0,600517.0,274386.0,84013.0,265936.0,819795.0,5307806,https://sacoronavirus.co.za/latest-vaccine-statistics/
2021-07-18,20210718,668479.0,278444.0,1316331.0,1011976.0,600575.0,274483.0,86027.0,268253.0,820704.0,5325272,https://sacoronavirus.co.za/latest-vaccine-statistics/
2021-07-19,20210719,707528.0,292092.0,1382674.0,1051332.0,625175.0,287933.0,91179.0,280387.0,856180.0,5574480,https://sacoronavirus.co.za/latest-vaccine-statistics/
2021-07-20,20210720,745946.0,306015.0,1446164.0,1098761.0,653490.0,302975.0,97059.0,292961.0,889333.0,5832704,https://sacoronavirus.co.za/latest-vaccine-statistics/
2021-07-21,20210721,784378.0,322045.0,1517255.0,1153941.0,682902.0,320278.0,102856.0,306282.0,926096.0,6116033,https://sacoronavirus.co.za/latest-vaccine-statistics/
2021-07-22,20210722,815807.0,335829.0,1579896.0,1204430.0,713774.0,336423.0,107675.0,317916.0,966256.0,6378006,https://sacoronavirus.co.za/latest-vaccine-statistics/
2021-07-23,20210723,841805.0,348533.0,1640712.0,1250293.0,729354.0,349294.0,112222.0,331348.0,1004001.0,6607562,https://sacoronavirus.co.za/latest-vaccine-statistics/
2021-07-24,20210724,844181.0,350016.0,1650248.0,1263242.0,735540.0,350484.0,113683.0,335538.0,1009175.0,6652107,https://sacoronavirus.co.za/latest-vaccine-statistics/
2021-07-25,20210725,845545.0,350736.0,1657224.0,1273294.0,736320.0,350757.0,114942.0,337055.0,1010015.0,6675888,https://sacoronavirus.co.za/latest-vaccine-statistics/
2021-07-26,20210726,879243.0,363433.0,1717571.0,1317137.0,761153.0,363969.0,119597.0,349091.0,1044129.0,6915323,https://sacoronavirus.co.za/latest-vaccine-statistics/
2021-07-27,20210727,912744.0,377978.0,1780612.0,1362015.0,789953.0,378571.0,124898.0,361314.0,1081059.0,7169144,https://sacoronavirus.co.za/latest-vaccine-statistics/
2021-07-28,20210728,938730.0,391037.0,1834663.0,1401776.0,810971.0,391209.0,129175.0,371286.0,1116081.0,7384928,https://sacoronavirus.co.za/latest-vaccine-statistics/
2021-07-29,20210729,965489.0,405024.0,1894750.0,1441560.0,841207.0,404649.0,134946.0,382304.0,1152142.0,7622071,https://sacoronavirus.co.za/latest-vaccine-statistics/
2021-07-30,20210730,986046.0,417502.0,1954421.0,1481334.0,854055.0,415234.0,139623.0,392971.0,1188728.0,7829914,https://sacoronavirus.co.za/latest-vaccine-statistics/
2021-07-31,20210731,987962.0,418905.0,1962991.0,1492429.0,856652.0,416521.0,141140.0,396535.0,1193182.0,7866317,https://sacoronavirus.co.za/latest-vaccine-statistics/
2021-08-01,20210801,989008.0,419596.0,1969537.0,1499501.0,856742.0,416579.0,141878.0,397927.0,1194598.0,7885366,https://sacoronavirus.co.za/latest-vaccine-statistics/
2021-08-02,20210802,1016439.0,430632.0,2025483.0,1534121.0,877797.0,426921.0,146578.0,407775.0,1225659.0,8091405,https://sacoronavirus.co.za/latest-vaccine-statistics/
2021-08-03,20210803,1043664.0,441997.0,2079890.0,1567491.0,899551.0,437612.0,152165.0,417906.0,1259610.0,8299886,https://sacoronavirus.co.za/latest-vaccine-statistics/
2021-08-04,20210804,1069648.0,452195.0,2131201.0,1599382.0,920399.0,448009.0,156888.0,427583.0,1293772.0,8499077,https://sacoronavirus.co.za/latest-vaccine-statistics/
2021-08-05,20210805,1091919.0,462114.0,2179974.0,1629351.0,945206.0,458299.0,161334.0,437912.0,1328637.0,8694746,https://sacoronavirus.co.za/latest-vaccine-statistics/
2021-08-06,20210806,1109576.0,471717.0,2228596.0,1659027.0,955484.0,467053.0,164878.0,447562.0,1361350.0,8865243,https://sacoronavirus.co.za/latest-vaccine-statistics/
2021-08-07,20210807,1111118.0,472987.0,2238847.0,1668393.0,961132.0,469244.0,165577.0,451311.0,1365095.0,8903704,https://sacoronavirus.co.za/latest-vaccine-statistics/
2021-08-08,20210808,1111648.0,473579.0,2243014.0,1673126.0,961159.0,469540.0,165948.0,452336.0,1366152.0,8916502,https://sacoronavirus.co.za/latest-vaccine-statistics/
2021-08-09,20210809,1112829.0,474593.0,2245217.0,1679319.0,961270.0,472267.0,167212.0,455182.0,1367636.0,8935525,https://sacoronavirus.co.za/latest-vaccine-statistics/
2021-08-10,20210810,1136946.0,484336.0,2295585.0,1707854.0,983636.0,482061.0,171252.0,466726.0,1398590.0,9126986,https://sacoronavirus.co.za/latest-vaccine-statistics/
2021-08-11,20210811,1162400.0,493815.0,2344699.0,1735814.0,1005143.0,491509.0,175240.0,476275.0,1431263.0,9316158,https://sacoronavirus.co.za/latest-vaccine-statistics/
2021-08-12,20210812,1185627.0,502596.0,2390497.0,1761463.0,1026961.0,501143.0,178850.0,486552.0,1462404.0,9496093,https://sacoronavirus.co.za/latest-vaccine-statistics/
2021-08-13,20210813,1201915.0,509754.0,2435216.0,1783211.0,1036044.0,508406.0,182012.0,496211.0,1493178.0,9645947,https://sacoronavirus.co.za/latest-vaccine-statistics/
2021-08-14,20210814,1203041.0,510519.0,2445159.0,1788987.0,1039865.0,510278.0,182320.0,498778.0,1497515.0,9676462,https://sacoronavirus.co.za/latest-vaccine-statistics/
2021-08-15,20210815,1203607.0,510684.0,2450030.0,1792257.0,1039877.0,510336.0,182485.0,499357.0,1498540.0,9687173,https://sacoronavirus.co.za/latest-vaccine-statistics/
2021-08-16,20210816,1227493.0,518388.0,2498337.0,1815628.0,1054819.0,518953.0,185216.0,507965.0,1531389.0,9858188,https://sacoronavirus.co.za/latest-vaccine-statistics/
2021-08-17,20210817,1253894.0,527549.0,2549361.0,1843297.0,1075015.0,528225.0,188599.0,518477.0,1568818.0,10053235,https://sacoronavirus.co.za/latest-vaccine-statistics/
2021-08-18,20210818,1282064.0,537454.0,2603831.0,1873901.0,1098237.0,538617.0,192759.0,529796.0,1605634.0,10262293,https://sacoronavirus.co.za/latest-vaccine-statistics/
2021-08-19,20210819,1310400.0,547346.0,2656298.0,1905001.0,1119163.0,549594.0,197030.0,540557.0,1644637.0,10470026,https://sacoronavirus.co.za/latest-vaccine-statistics/
2021-08-20,20210820,1338709.0,559547.0,2735706.0,1948986.0,1134554.0,563231.0,202669.0,554184.0,1702546.0,10740132,https://sacoronavirus.co.za/latest-vaccine-statistics/
2021-08-21,20210821,1341163.0,561353.0,2757987.0,1961363.0,1142487.0,566731.0,203779.0,560106.0,1713528.0,10808497,https://sacoronavirus.co.za/latest-vaccine-statistics/
2021-08-22,20210822,1342343.0,562572.0,2767852.0,1968359.0,1142929.0,567460.0,204032.0,561703.0,1715565.0,10832815,https://sacoronavirus.co.za/latest-vaccine-statistics/
2021-08-23,20210823,1380039.0,576166.0,2843262.0,1999983.0,1168384.0,582320.0,209525.0,576914.0,1766743.0,11103336,https://sacoronavirus.co.za/latest-vaccine-statistics/
2021-08-24,20210824,1418884.0,591117.0,2920425.0,2034094.0,1198744.0,598037.0,215605.0,592978.0,1820296.0,11390180,https://sacoronavirus.co.za/latest-vaccine-statistics/
2021-08-25,20210825,1458914.0,605736.0,2995049.0,2068390.0,1230094.0,613972.0,221792.0,608131.0,1875356.0,11677434,https://sacoronavirus.co.za/latest-vaccine-statistics/
2021-08-26,20210826,1499172.0,620779.0,3070402.0,2099570.0,1262803.0,631020.0,227314.0,622447.0,1927454.0,11960961,https://sacoronavirus.co.za/latest-vaccine-statistics/
2021-08-27,20210827,1531597.0,634532.0,3153154.0,2133385.0,1285741.0,647309.0,232583.0,638692.0,1980868.0,12237861,https://sacoronavirus.co.za/latest-vaccine-statistics/
2021-08-28,20210828,1534639.0,636680.0,3176240.0,2141804.0,1293041.0,650995.0,234083.0,643755.0,1990242.0,12301479,https://sacoronavirus.co.za/latest-vaccine-statistics/
2021-08-29,20210829,1536777.0,637903.0,3185201.0,2147089.0,1293183.0,651254.0,235463.0,646210.0,1991875.0,12324955,https://sacoronavirus.co.za/latest-vaccine-statistics/
2021-08-30,20210830,1575649.0,651610.0,3261592.0,2183074.0,1316499.0,668638.0,240738.0,661894.0,2035831.0,12595525,https://sacoronavirus.co.za/latest-vaccine-statistics/
2021-08-31,20210831,1613461.0,665763.0,3337404.0,2222676.0,1340945.0,687472.0,246566.0,676863.0,2081638.0,12872788,https://sacoronavirus.co.za/latest-vaccine-statistics/
2021-09-01,20210901,1646772.0,680345.0,3411656.0,2261665.0,1365938.0,705997.0,252061.0,691361.0,2126832.0,13142627,https://sacoronavirus.co.za/latest-vaccine-statistics/
2021-09-02,20210902,1678253.0,695449.0,3483441.0,2301117.0,1390689.0,725077.0,258162.0,704561.0,2172666.0,13409415,https://sacoronavirus.co.za/latest-vaccine-statistics/
2021-09-03,20210903,1701661.0,710467.0,3557967.0,2338417.0,1406148.0,742429.0,263032.0,717779.0,2222064.0,13659964,https://sacoronavirus.co.za/latest-vaccine-statistics/
2021-09-04,20210904,1705536.0,713091.0,3576503.0,2348344.0,1414046.0,746186.0,264018.0,722573.0,2230923.0,13721220,https://sacoronavirus.co.za/latest-vaccine-statistics/
2021-09-05,20210905,1707610.0,713908.0,3583914.0,2353539.0,1414419.0,746621.0,264379.0,724460.0,2231692.0,13740542,https://sacoronavirus.co.za/latest-vaccine-statistics/
2021-09-06,20210906,1729974.0,725193.0,3650711.0,2379988.0,1433489.0,763167.0,268672.0,737052.0,2270780.0,13959026,https://sacoronavirus.co.za/latest-vaccine-statistics/
2021-09-07,20210907,1749517.0,737325.0,3715285.0,2399428.0,1454570.0,780653.0,273158.0,750286.0,2312588.0,14172810,https://sacoronavirus.co.za/latest-vaccine-statistics/
2021-09-08,20210908,1777599.0,750677.0,3778441.0,2425028.0,1476705.0,796809.0,277862.0,764601.0,2355926.0,14403648,https://sacoronavirus.co.za/latest-vaccine-statistics/
2021-09-09,20210909,1806356.0,763852.0,3843351.0,2454200.0,1500440.0,814511.0,282864.0,779347.0,2398476.0,14643397,https://sacoronavirus.co.za/latest-vaccine-statistics/
2021-09-10,20210910,1828962.0,777295.0,3913964.0,2492166.0,1518183.0,830241.0,287262.0,793408.0,2445282.0,14886763,https://sacoronavirus.co.za/latest-vaccine-statistics/
2021-09-11,20210911,1832717.0,779501.0,3931313.0,2503445.0,1519543.0,833668.0,288612.0,799578.0,2452443.0,14940820,https://sacoronavirus.co.za/latest-vaccine-statistics/
2021-09-12,20210912,1834365.0,780008.0,3936743.0,2508864.0,1519662.0,833940.0,289370.0,801061.0,2452962.0,14956975,https://sacoronavirus.co.za/latest-vaccine-statistics/
2021-09-13,20210913,1860693.0,792945.0,4002013.0,2546372.0,1542042.0,849643.0,293283.0,816161.0,2491335.0,15194487,https://sacoronavirus.co.za/latest-vaccine-statistics/
2021-09-14,20210914,1889981.0,808369.0,4072667.0,2584279.0,1568211.0,867854.0,298775.0,833717.0,2533096.0,15456949,https://sacoronavirus.co.za/latest-vaccine-statistics/
2021-09-15,20210915,1918639.0,824186.0,4142956.0,2618001.0,1591812.0,885972.0,304228.0,851603.0,2577013.0,15714410,https://sacoronavirus.co.za/latest-vaccine-statistics/
2021-09-16,20210916,1942293.0,839197.0,4207583.0,2644634.0,1616377.0,902040.0,309191.0,867955.0,2619021.0,15948291,https://sacoronavirus.co.za/latest-vaccine-statistics/
2021-09-17,20210917,1958282.0,853109.0,4276145.0,2676405.0,1633048.0,915707.0,314248.0,884070.0,2663842.0,16174856,https://sacoronavirus.co.za/latest-vaccine-statistics/
2021-09-18,20210918,1961193.0,855240.0,4294458.0,2685065.0,1633999.0,919105.0,315209.0,891673.0,2671565.0,16227507,https://sacoronavirus.co.za/latest-vaccine-statistics/
2021-09-19,20210919,1962562.0,855731.0,4303648.0,2689284.0,1634273.0,919203.0,315396.0,893759.0,2673129.0,16246985,https://sacoronavirus.co.za/latest-vaccine-statistics/
2021-09-20,20210920,1982531.0,865092.0,4350504.0,2710482.0,1651971.0,931570.0,318192.0,906076.0,2696792.0,16413210,https://sacoronavirus.co.za/latest-vaccine-statistics/
2021-09-21,20210921,2004017.0,877145.0,4402053.0,2734363.0,1671074.0,943531.0,322906.0,922128.0,2726940.0,16604157,https://sacoronavirus.co.za/latest-vaccine-statistics/
2021-09-22,20210922,2028509.0,890195.0,4453150.0,2758769.0,1690982.0,956148.0,327328.0,937249.0,2760304.0,16802634,https://sacoronavirus.co.za/latest-vaccine-statistics/
2021-09-23,20210923,2048568.0,903244.0,4506096.0,2783095.0,1709373.0,969089.0,331132.0,951215.0,2793074.0,16994886,https://sacoronavirus.co.za/latest-vaccine-statistics/
2021-09-24,20210924,2050271.0,904082.0,4510793.0,2788077.0,1710643.0,971358.0,332177.0,955091.0,2794545.0,17017037,https://sacoronavirus.co.za/latest-vaccine-statistics/
2021-09-25,20210925,2052268.0,905716.0,4521482.0,2794541.0,1711828.0,974358.0,332396.0,958322.0,2798036.0,17048947,https://sacoronavirus.co.za/latest-vaccine-statistics/
2021-09-26,20210926,2053182.0,905999.0,4525718.0,2797491.0,1711868.0,974443.0,332586.0,959171.0,2798406.0,17058864,https://sacoronavirus.co.za/latest-vaccine-statistics/
2021-09-27,20210927,2072124.0,916445.0,4574517.0,2818522.0,1728067.0,985192.0,335351.0,972625.0,2826805.0,17229648,https://sacoronavirus.co.za/latest-vaccine-statistics/
2021-09-28,20210928,2092475.0,928113.0,4620177.0,2841096.0,1746469.0,996245.0,339527.0,986830.0,2854642.0,17405574,https://sacoronavirus.co.za/latest-vaccine-statistics/
2021-09-29,20210929,2110866.0,939853.0,4664627.0,2861236.0,1764499.0,1007699.0,342778.0,1000726.0,2880723.0,17573007,https://sacoronavirus.co.za/latest-vaccine-statistics/
2021-09-30,20210930,2125351.0,950886.0,4704850.0,2880682.0,1781297.0,1018675.0,345796.0,1013201.0,2908265.0,17729003,https://sacoronavirus.co.za/latest-vaccine-statistics/
2021-10-01,20211001,2145319.0,963843.0,4758859.0,2911184.0,1801851.0,1030145.0,350532.0,1027573.0,2946647.0,17935953,https://sacoronavirus.co.za/latest-vaccine-statistics/
2021-10-02,20211002,2154521.0,971633.0,4789083.0,2929108.0,1811744.0,1038127.0,353928.0,1037387.0,2964492.0,18050023,https://sacoronavirus.co.za/latest-vaccine-statistics/
2021-10-03,20211003,2161088.0,975080.0,4805251.0,2941186.0,1811989.0,1040774.0,356169.0,1044978.0,2971822.0,18108337,https://sacoronavirus.co.za/latest-vaccine-statistics/
2021-10-04,20211004,2181863.0,986366.0,4863492.0,2965511.0,1830187.0,1052211.0,360517.0,1058349.0,3006132.0,18304628,https://sacoronavirus.co.za/latest-vaccine-statistics/
2021-10-05,20211005,2203187.0,999811.0,4925260.0,2991019.0,1849667.0,1064720.0,364921.0,1072530.0,3042554.0,18513669,https://sacoronavirus.co.za/latest-vaccine-statistics/
2021-10-06,20211006,2227253.0,1014575.0,4990753.0,3016527.0,1872203.0,1076859.0,369612.0,1087587.0,3082006.0,18737375,https://sacoronavirus.co.za/latest-vaccine-statistics/
2021-10-07,20211007,2249713.0,1029254.0,5053194.0,3043627.0,1895761.0,1092136.0,374377.0,1103198.0,3119807.0,18961067,https://sacoronavirus.co.za/latest-vaccine-statistics/
2021-10-08,20211008,2268488.0,1042504.0,5119679.0,3075518.0,1913924.0,1105802.0,378976.0,1119632.0,3160634.0,19185157,https://sacoronavirus.co.za/latest-vaccine-statistics/
2021-10-09,20211009,2272454.0,1044508.0,5135957.0,3086616.0,1916887.0,1109155.0,379992.0,1128002.0,3167952.0,19241523,https://sacoronavirus.co.za/latest-vaccine-statistics/
2021-10-10,20211010,2274592.0,1045207.0,5143053.0,3092877.0,1917024.0,1109428.0,380404.0,1132995.0,3169160.0,19264740,https://sacoronavirus.co.za/latest-vaccine-statistics/
2021-10-11,20211011,2296147.0,1056235.0,5202795.0,3119651.0,1939131.0,1124136.0,383480.0,1145831.0,3199857.0,19467263,https://sacoronavirus.co.za/latest-vaccine-statistics/
2021-10-12,20211012,2320190.0,1070361.0,5263860.0,3147491.0,1964426.0,1137565.0,388058.0,1159645.0,3231994.0,19683590,https://sacoronavirus.co.za/latest-vaccine-statistics/
2021-10-13,20211013,2344461.0,1084524.0,5321880.0,3173955.0,1992953.0,1152071.0,392219.0,1172401.0,3265943.0,19900407,https://sacoronavirus.co.za/latest-vaccine-statistics/
2021-10-14,20211014,2368366.0,1099201.0,5380885.0,3200529.0,2024378.0,1168511.0,397363.0,1186026.0,3301805.0,20127064,https://sacoronavirus.co.za/latest-vaccine-statistics/
2021-10-15,20211015,2387647.0,1113729.0,5443881.0,3231600.0,2044991.0,1182095.0,402387.0,1199112.0,3342932.0,20348374,https://sacoronavirus.co.za/latest-vaccine-statistics/
2021-10-16,20211016,2391843.0,1116060.0,5459863.0,3242211.0,2046596.0,1184975.0,403089.0,1204671.0,3350387.0,20399695,https://sacoronavirus.co.za/latest-vaccine-statistics/
2021-10-17,20211017,2393652.0,1116519.0,5466401.0,3247333.0,2046625.0,1185362.0,403830.0,1207870.0,3350939.0,20418531,https://sacoronavirus.co.za/latest-vaccine-statistics/
2021-10-18,20211018,2412060.0,1127602.0,5518552.0,3269380.0,2067912.0,1197984.0,407635.0,1218976.0,3377751.0,20597852,https://sacoronavirus.co.za/latest-vaccine-statistics/
2021-10-19,20211019,2431275.0,1141413.0,5571527.0,3292962.0,2092116.0,1210571.0,412811.0,1231443.0,3407751.0,20791869,https://sacoronavirus.co.za/latest-vaccine-statistics/
2021-10-20,20211020,2452192.0,1156746.0,5626965.0,3317914.0,2121870.0,1223925.0,418028.0,1244200.0,3441956.0,21003796,https://sacoronavirus.co.za/latest-vaccine-statistics/
2021-10-21,20211021,2473778.0,1172342.0,5684330.0,3343289.0,2151866.0,1238351.0,423793.0,1256949.0,3475464.0,21220162,https://sacoronavirus.co.za/latest-vaccine-statistics/
2021-10-22,20211022,2491395.0,1185495.0,5747387.0,3373985.0,2175453.0,1251497.0,428937.0,1269777.0,3512938.0,21436864,https://sacoronavirus.co.za/latest-vaccine-statistics/
2021-10-23,20211023,2496691.0,1189061.0,5768964.0,3385097.0,2178101.0,1255377.0,430545.0,1279096.0,3522018.0,21504950,https://sacoronavirus.co.za/latest-vaccine-statistics/
2021-10-24,20211024,2498735.0,1189898.0,5774793.0,3389783.0,2178736.0,1255747.0,430815.0,1284661.0,3522287.0,21525455,https://sacoronavirus.co.za/latest-vaccine-statistics/
2021-10-25,20211025,2520154.0,1202621.0,5828457.0,3413752.0,2202822.0,1266488.0,434993.0,1295661.0,3551163.0,21716111,https://sacoronavirus.co.za/latest-vaccine-statistics/
2021-10-26,20211026,2544741.0,1216266.0,5884977.0,3439266.0,2224856.0,1279054.0,441401.0,1308426.0,3584428.0,21923415,https://sacoronavirus.co.za/latest-vaccine-statistics/
2021-10-27,20211027,2566051.0,1231976.0,5942299.0,3463232.0,2246555.0,1291004.0,446202.0,1322002.0,3616919.0,22126240,https://sacoronavirus.co.za/latest-vaccine-statistics/
2021-10-28,20211028,2585446.0,1245116.0,5997598.0,3486228.0,2269999.0,1302101.0,451361.0,1333301.0,3650175.0,22321325,https://sacoronavirus.co.za/latest-vaccine-statistics/
2021-10-29,20211029,2600730.0,1258805.0,6058406.0,3512274.0,2286439.0,1312568.0,455507.0,1345304.0,3685714.0,22515747,https://sacoronavirus.co.za/latest-vaccine-statistics/
2021-10-30,20211030,2604595.0,1261100.0,6075512.0,3521961.0,2287471.0,1316447.0,455860.0,1351011.0,3692608.0,22566565,https://sacoronavirus.co.za/latest-vaccine-statistics/
2021-10-31,20211031,2606289.0,1261704.0,6080026.0,3527950.0,2287556.0,1317850.0,455954.0,1355245.0,3692970.0,22585544,https://sacoronavirus.co.za/latest-vaccine-statistics/
2021-11-01,20211101,2613071.0,1264333.0,6098584.0,3545202.0,2293146.0,1324029.0,457288.0,1367003.0,3696675.0,22659331,https://sacoronavirus.co.za/latest-vaccine-statistics/
2021-11-02,20211102,2633827.0,1275062.0,6150728.0,3566456.0,2310784.0,1334064.0,461314.0,1377597.0,3723908.0,22833740,https://sacoronavirus.co.za/latest-vaccine-statistics/
2021-11-03,20211103,2655106.0,1287614.0,6196055.0,3587782.0,2328084.0,1344397.0,466142.0,1387055.0,3749549.0,23001784,https://sacoronavirus.co.za/latest-vaccine-statistics/
2021-11-04,20211104,2675894.0,1299144.0,6238993.0,3607379.0,2344332.0,1353765.0,470592.0,1396811.0,3775499.0,23162409,https://sacoronavirus.co.za/latest-vaccine-statistics/
2021-11-05,20211105,2690057.0,1307905.0,6277525.0,3625229.0,2356202.0,1362385.0,474113.0,1404381.0,3797896.0,23295693,https://sacoronavirus.co.za/latest-vaccine-statistics/
2021-11-06,20211106,2692884.0,1309478.0,6289833.0,3632114.0,2357272.0,1365389.0,474361.0,1408794.0,3802926.0,23333051,https://sacoronavirus.co.za/latest-vaccine-statistics/
2021-11-07,20211107,2694362.0,1309807.0,6293284.0,3635605.0,2357287.0,1365725.0,474413.0,1411664.0,3803254.0,23345401,https://sacoronavirus.co.za/latest-vaccine-statistics/
2021-11-08,20211108,2705607.0,1316585.0,6324638.0,3651404.0,2368360.0,1373214.0,476878.0,1417509.0,3821057.0,23455252,https://sacoronavirus.co.za/latest-vaccine-statistics/
2021-11-09,20211109,2720904.0,1326402.0,6363425.0,3668714.0,2381154.0,1381877.0,480293.0,1426688.0,3841293.0,23590750,https://sacoronavirus.co.za/latest-vaccine-statistics/
2021-11-10,20211110,2740312.0,1337510.0,6401357.0,3687343.0,2393980.0,1390190.0,483905.0,1436068.0,3862451.0,23733116,https://sacoronavirus.co.za/latest-vaccine-statistics/
2021-11-11,20211111,2758995.0,1346980.0,6441716.0,3705680.0,2406810.0,1399071.0,487327.0,1444789.0,3887044.0,23878412,https://sacoronavirus.co.za/latest-vaccine-statistics/
2021-11-12,20211112,2776934.0,1357873.0,6488498.0,3727622.0,2417382.0,1408360.0,492079.0,1454557.0,3913434.0,24036739,https://sacoronavirus.co.za/latest-vaccine-statistics/
2021-11-13,20211113,2784478.0,1363366.0,6512421.0,3739602.0,2422933.0,1414182.0,495106.0,1461739.0,3925991.0,24119818,https://sacoronavirus.co.za/latest-vaccine-statistics/
2021-11-14,20211114,2789911.0,1364388.0,6524627.0,3747053.0,2425244.0,1417034.0,497001.0,1466773.0,3928896.0,24160927,https://sacoronavirus.co.za/latest-vaccine-statistics/
2021-11-15,20211115,2807743.0,1372860.0,6565181.0,3765549.0,2437601.0,1425366.0,500109.0,1475029.0,3949958.0,24299396,https://sacoronavirus.co.za/latest-vaccine-statistics/
2021-11-16,20211116,2825527.0,1382215.0,6606761.0,3783907.0,2449479.0,1433062.0,504119.0,1483368.0,3972285.0,24440723,https://sacoronavirus.co.za/latest-vaccine-statistics/
2021-11-17,20211117,2842539.0,1392122.0,6649001.0,3801438.0,2462427.0,1440447.0,507898.0,1491600.0,3992827.0,24580299,https://sacoronavirus.co.za/latest-vaccine-statistics/
2021-11-18,20211118,2857146.0,1401354.0,6688057.0,3818822.0,2475326.0,1447643.0,510880.0,1499992.0,4014736.0,24713956,https://sacoronavirus.co.za/latest-vaccine-statistics/
2021-11-19,20211119,2870885.0,1409698.0,6731120.0,3838232.0,2483794.0,1455132.0,514309.0,1508371.0,4038124.0,24849665,https://sacoronavirus.co.za/latest-vaccine-statistics/
2021-11-20,20211120,2873198.0,1410615.0,6743295.0,3845989.0,2484908.0,1457783.0,515075.0,1513679.0,4042646.0,24887188,https://sacoronavirus.co.za/latest-vaccine-statistics/
2021-11-21,20211121,2874195.0,1410789.0,6746718.0,3849654.0,2484936.0,1457986.0,515304.0,1517004.0,4043215.0,24899801,https://sacoronavirus.co.za/latest-vaccine-statistics/
2021-11-22,20211122,2889879.0,1417593.0,6784554.0,3866072.0,2494362.0,1464013.0,517637.0,1523773.0,4059743.0,25017626,https://sacoronavirus.co.za/latest-vaccine-statistics/
2021-11-23,20211123,2904075.0,1425931.0,6824536.0,3882801.0,2505136.0,1470729.0,520478.0,1531407.0,4078398.0,25143491,https://sacoronavirus.co.za/latest-vaccine-statistics/
2021-11-24,20211124,2920518.0,1435373.0,6865740.0,3901383.0,2517446.0,1478204.0,523818.0,1539584.0,4097925.0,25279991,https://sacoronavirus.co.za/latest-vaccine-statistics/
2021-11-25,20211125,2936594.0,1444656.0,6904038.0,3919165.0,2528244.0,1485045.0,526980.0,1547045.0,4116894.0,25408661,https://sacoronavirus.co.za/latest-vaccine-statistics/
2021-11-26,20211126,2949646.0,1452573.0,6943759.0,3937313.0,2538349.0,1490906.0,529288.0,1554163.0,4137618.0,25533615,https://sacoronavirus.co.za/latest-vaccine-statistics/
2021-11-27,20211127,2952025.0,1453730.0,6955020.0,3945391.0,2541492.0,1492875.0,529569.0,1557062.0,4142028.0,25569192,https://sacoronavirus.co.za/latest-vaccine-statistics/
2021-11-28,20211128,2952787.0,1453904.0,6958786.0,3949679.0,2542033.0,1493039.0,529779.0,1559783.0,4142537.0,25582327,https://sacoronavirus.co.za/latest-vaccine-statistics/
2021-11-29,20211129,2974540.0,1466263.0,7013981.0,3972824.0,2559254.0,1504023.0,532821.0,1570793.0,4164975.0,25759474,https://sacoronavirus.co.za/latest-vaccine-statistics/
2021-11-30,20211130,2995506.0,1480489.0,7070969.0,3996253.0,2577802.0,1515088.0,537167.0,1582777.0,4189717.0,25945768,https://sacoronavirus.co.za/latest-vaccine-statistics/
2021-12-01,20211201,3013210.0,1493693.0,7124783.0,4017319.0,2596842.0,1525642.0,540676.0,1594997.0,4214014.0,26121176,https://sacoronavirus.co.za/latest-vaccine-statistics/
2021-12-02,20211202,3030108.0,1505619.0,7170849.0,4037922.0,2615576.0,1535401.0,544220.0,1605418.0,4235969.0,26281082,https://sacoronavirus.co.za/latest-vaccine-statistics/
2021-12-03,20211203,3042624.0,1516129.0,7220791.0,4059972.0,2629924.0,1544308.0,547746.0,1615666.0,4259769.0,26436929,https://sacoronavirus.co.za/latest-vaccine-statistics/
2021-12-04,20211204,3045468.0,1517696.0,7240701.0,4068297.0,2638070.0,1548815.0,549810.0,1619858.0,4268562.0,26497277,https://sacoronavirus.co.za/latest-vaccine-statistics/
2021-12-05,20211205,3047075.0,1518136.0,7248868.0,4072644.0,2639581.0,1550968.0,550563.0,1622818.0,4271111.0,26521764,https://sacoronavirus.co.za/latest-vaccine-statistics/
2021-12-06,20211206,3059809.0,1527487.0,7294646.0,4091315.0,2655005.0,1559908.0,553577.0,1632490.0,4289476.0,26663713,https://sacoronavirus.co.za/latest-vaccine-statistics/
2021-12-07,20211207,3073051.0,1537877.0,7342027.0,4110164.0,2670014.0,1568304.0,557514.0,1642102.0,4309885.0,26810938,https://sacoronavirus.co.za/latest-vaccine-statistics/
2021-12-08,20211208,3085728.0,1547252.0,7386720.0,4127391.0,2685363.0,1576777.0,561280.0,1651508.0,4329697.0,26951716,https://sacoronavirus.co.za/latest-vaccine-statistics/
2021-12-09,20211209,3098211.0,1555668.0,7429687.0,4144321.0,2699159.0,1585462.0,564569.0,1659428.0,4349790.0,27086295,https://sacoronavirus.co.za/latest-vaccine-statistics/
2021-12-10,20211210,3107026.0,1563102.0,7472870.0,4160736.0,2711012.0,1592533.0,567445.0,1667405.0,4370270.0,27212399,https://sacoronavirus.co.za/latest-vaccine-statistics/
2021-12-11,20211211,3108528.0,1563622.0,7485714.0,4166901.0,2714394.0,1595195.0,567836.0,1670547.0,4374264.0,27247001,https://sacoronavirus.co.za/latest-vaccine-statistics/
2021-12-12,20211212,3109023.0,1563795.0,7489599.0,4170001.0,2714469.0,1596245.0,568371.0,1672701.0,4374799.0,27259003,https://sacoronavirus.co.za/latest-vaccine-statistics/
2021-12-13,20211213,3118051.0,1569041.0,7520772.0,4183139.0,2726205.0,1602018.0,570776.0,1677957.0,4388592.0,27356551,https://sacoronavirus.co.za/latest-vaccine-statistics/
2021-12-14,20211214,3126439.0,1575812.0,7558344.0,4197133.0,2736582.0,1608369.0,573372.0,1685220.0,4403747.0,27465018,https://sacoronavirus.co.za/latest-vaccine-statistics/
2021-12-15,20211215,3134477.0,1581489.0,7592864.0,4210452.0,2747013.0,1614438.0,575314.0,1691759.0,4418403.0,27566209,https://sacoronavirus.co.za/latest-vaccine-statistics/
2021-12-16,20211216,3134919.0,1581561.0,7596208.0,4213595.0,2750196.0,1614915.0,575404.0,1693808.0,4418863.0,27579469,https://sacoronavirus.co.za/latest-vaccine-statistics/
2021-12-17,20211217,3139029.0,1585319.0,7623887.0,4223426.0,2756194.0,1618976.0,576588.0,1698693.0,4430744.0,27652856,https://sacoronavirus.co.za/latest-vaccine-statistics/
2021-12-18,20211218,3139726.0,1585714.0,7631027.0,4227202.0,2756886.0,1620116.0,576808.0,1700358.0,4432200.0,27670037,https://sacoronavirus.co.za/latest-vaccine-statistics/
2021-12-19,20211219,3139824.0,1585781.0,7633163.0,4229056.0,2756972.0,1620276.0,576930.0,1701492.0,4432463.0,27675957,https://sacoronavirus.co.za/latest-vaccine-statistics/
2021-12-20,20211220,3144412.0,1590198.0,7661635.0,4238897.0,2765001.0,1626034.0,577984.0,1706479.0,4441131.0,27751771,https://sacoronavirus.co.za/latest-vaccine-statistics/
2021-12-21,20211221,3148472.0,1594821.0,7687130.0,4247632.0,2772629.0,1630549.0,578999.0,1710940.0,4448806.0,27819978,https://sacoronavirus.co.za/latest-vaccine-statistics/
2021-12-22,20211222,3151934.0,1599060.0,7708698.0,4255832.0,2779974.0,1634508.0,579894.0,1714797.0,4456149.0,27880846,https://sacoronavirus.co.za/latest-vaccine-statistics/
2021-12-23,20211223,3154141.0,1602054.0,7724711.0,4261729.0,2784865.0,1637382.0,580469.0,1717509.0,4462134.0,27924994,https://sacoronavirus.co.za/latest-vaccine-statistics/
2021-12-24,20211224,3155162.0,1603328.0,7734223.0,4264269.0,2787076.0,1638519.0,580677.0,1718880.0,4465358.0,27947492,https://sacoronavirus.co.za/latest-vaccine-statistics/
2021-12-25,20211225,3155210.0,1603347.0,7734424.0,4264401.0,2787083.0,1638528.0,,1719187.0,4465369.0,27948226,https://sacoronavirus.co.za/latest-vaccine-statistics/
2021-12-26,20211226,3155231.0,1603349.0,7734756.0,4264551.0,2787108.0,1638588.0,580691.0,1719777.0,4465385.0,27949436,https://sacoronavirus.co.za/latest-vaccine-statistics/
2021-12-27,20211227,3155434.0,1603370.0,7735978.0,4265196.0,2787407.0,1638883.0,580699.0,1720330.0,4465531.0,27952828,https://sacoronavirus.co.za/latest-vaccine-statistics/
2021-12-28,20211228,3158564.0,1607467.0,7756244.0,4273814.0,2793829.0,1642459.0,581592.0,1723446.0,4473108.0,28010523,https://sacoronavirus.co.za/latest-vaccine-statistics/
2021-12-29,20211229,3162082.0,1611337.0,7775012.0,4282453.0,2800172.0,1646397.0,582277.0,1726665.0,4480392.0,28066787,https://sacoronavirus.co.za/latest-vaccine-statistics/
2021-12-30,20211230,3164854.0,1613962.0,7789607.0,4290000.0,2805584.0,1650045.0,582854.0,1729104.0,4486879.0,28112889,https://sacoronavirus.co.za/latest-vaccine-statistics/
2021-12-31,20211231,3166291.0,1614817.0,7797432.0,4292915.0,2807654.0,1651180.0,583059.0,1730289.0,4490698.0,28134335,https://sacoronavirus.co.za/latest-vaccine-statistics/
2022-01-01,20220101,3166300.0,1614820.0,7797718.0,4293082.0,2807726.0,1651220.0,583112.0,1730499.0,4490733.0,28135210,https://sacoronavirus.co.za/latest-vaccine-statistics/
2022-01-02,20220102,3166324.0,1614840.0,7798099.0,4293409.0,2807737.0,1651263.0,,1730932.0,4490778.0,28136494,https://sacoronavirus.co.za/latest-vaccine-statistics/
2022-01-03,20220103,3169759.0,1618439.0,7820560.0,4304793.0,2814689.0,1655624.0,583925.0,1734180.0,4497416.0,28199385,https://sacoronavirus.co.za/latest-vaccine-statistics/
2022-01-04,20220104,3174381.0,1622625.0,7844884.0,4316790.0,2822564.0,1660235.0,585039.0,1737978.0,4505039.0,28269535,https://sacoronavirus.co.za/latest-vaccine-statistics/
2022-01-05,20220105,3179177.0,1628262.0,7871107.0,4328964.0,2831401.0,1665976.0,586179.0,1742402.0,4513417.0,28346885,https://sacoronavirus.co.za/latest-vaccine-statistics/
2022-01-06,20220106,3184848.0,1634737.0,7893950.0,4342545.0,2840552.0,1671632.0,587538.0,1747067.0,4522736.0,28425605,https://sacoronavirus.co.za/latest-vaccine-statistics/
2022-01-07,20220107,3189705.0,1641397.0,7923995.0,4357160.0,2849117.0,1677649.0,588870.0,1751414.0,4532767.0,28512074,https://sacoronavirus.co.za/latest-vaccine-statistics/
2022-01-08,20220108,3190122.0,1641958.0,7931274.0,4361344.0,2850028.0,1679682.0,589044.0,1753007.0,4534309.0,28530768,https://sacoronavirus.co.za/latest-vaccine-statistics/
2022-01-09,20220109,3190159.0,1641976.0,7933146.0,4363121.0,2850164.0,1679905.0,589094.0,1754304.0,4534381.0,28536250,https://sacoronavirus.co.za/latest-vaccine-statistics/
2022-01-10,20220110,3197433.0,1648681.0,7967107.0,4380550.0,2862705.0,1686729.0,590678.0,1759686.0,4546979.0,28640548,https://sacoronavirus.co.za/latest-vaccine-statistics/
2022-01-11,20220111,3206051.0,1655708.0,7999409.0,4397898.0,2874586.0,1692759.0,592524.0,1765127.0,4560473.0,28744535,https://sacoronavirus.co.za/latest-vaccine-statistics/
2022-01-12,20220112,3215213.0,1660702.0,8028054.0,4414950.0,2881284.0,1697130.0,594676.0,1769539.0,4574224.0,28835772,https://sacoronavirus.co.za/latest-vaccine-statistics/
2022-01-13,20220113,3225072.0,1665821.0,8054798.0,4431279.0,2888718.0,1701598.0,596984.0,1774134.0,4588017.0,28926421,https://sacoronavirus.co.za/latest-vaccine-statistics/
2022-01-14,20220114,3233104.0,1671055.0,8085421.0,4447584.0,2895322.0,1706310.0,599375.0,1778726.0,4602057.0,29018954,https://sacoronavirus.co.za/latest-vaccine-statistics/
2022-01-15,20220115,3233896.0,1671773.0,8095037.0,4452637.0,2896133.0,1707964.0,599553.0,1780457.0,4604335.0,29041785,https://sacoronavirus.co.za/latest-vaccine-statistics/
2022-01-16,20220116,3234021.0,1671778.0,8096757.0,4454348.0,2896183.0,1708061.0,599635.0,1781087.0,4604545.0,29046415,https://sacoronavirus.co.za/latest-vaccine-statistics/
2022-01-17,20220117,3243868.0,1676801.0,8125768.0,4469124.0,2904106.0,1712213.0,601311.0,1785756.0,4619311.0,29138258,https://sacoronavirus.co.za/latest-vaccine-statistics/
2022-01-18,20220118,3253632.0,1682304.0,8153670.0,4483147.0,2912210.0,1716739.0,603258.0,1790841.0,4632967.0,29228768,https://sacoronavirus.co.za/latest-vaccine-statistics/
2022-01-19,20220119,3259857.0,1687716.0,8176016.0,4495305.0,2920672.0,1721243.0,604530.0,1795892.0,4646011.0,29307242,https://sacoronavirus.co.za/latest-vaccine-statistics/
2022-01-20,20220120,3266737.0,1693583.0,8203182.0,4507568.0,2929189.0,1726568.0,605703.0,1801450.0,4659500.0,29393480,https://sacoronavirus.co.za/latest-vaccine-statistics/
2022-01-21,20220121,3272723.0,1699735.0,8233019.0,4520379.0,2936099.0,1731728.0,606902.0,1807101.0,4673550.0,29481236,https://sacoronavirus.co.za/latest-vaccine-statistics/
2022-01-22,20220122,3273683.0,1700487.0,8242556.0,4524914.0,2937340.0,1733216.0,607102.0,1809359.0,4675647.0,29504304,https://sacoronavirus.co.za/latest-vaccine-statistics/
2022-01-23,20220123,3273858.0,1700561.0,8244451.0,4526397.0,2937416.0,1733763.0,607179.0,1810374.0,4675861.0,29509860,https://sacoronavirus.co.za/latest-vaccine-statistics/
2022-01-24,20220124,3281062.0,1706144.0,8270901.0,4540157.0,2946130.0,1738746.0,608314.0,1815195.0,4687673.0,29594322,https://sacoronavirus.co.za/latest-vaccine-statistics/
2022-01-25,20220125,3289655.0,1712058.0,8297190.0,4553496.0,2954684.0,1743769.0,609522.0,1820456.0,4699870.0,29680700,https://sacoronavirus.co.za/latest-vaccine-statistics/
2022-01-26,20220126,3297917.0,1718336.0,8322679.0,4566810.0,2963063.0,1749132.0,610696.0,1826354.0,4711473.0,29766460,https://sacoronavirus.co.za/latest-vaccine-statistics/
2022-01-27,20220127,3306260.0,1723629.0,8344679.0,4578017.0,2970480.0,1753823.0,611932.0,1831586.0,4722630.0,29843036,https://sacoronavirus.co.za/latest-vaccine-statistics/
2022-01-28,20220128,3312773.0,1729341.0,8371201.0,4590479.0,2977429.0,1759185.0,613413.0,1836411.0,4734355.0,29924587,https://sacoronavirus.co.za/latest-vaccine-statistics/
2022-01-29,20220129,3313614.0,1730522.0,8379260.0,4594651.0,2978157.0,1761443.0,613553.0,1838091.0,4736413.0,29945704,https://sacoronavirus.co.za/latest-vaccine-statistics/
2022-01-30,20220130,3313725.0,1730609.0,8381113.0,4596160.0,2978251.0,1762128.0,613612.0,1838627.0,4736559.0,29950784,https://sacoronavirus.co.za/latest-vaccine-statistics/
2022-01-31,20220131,3320098.0,1734898.0,8403933.0,4608127.0,2985941.0,1766838.0,614366.0,1842817.0,4746306.0,30023324,https://sacoronavirus.co.za/latest-vaccine-statistics/
2022-02-01,20220201,3326982.0,1739947.0,8427329.0,4619731.0,2993028.0,1771611.0,615356.0,1847427.0,4755724.0,30097135,https://sacoronavirus.co.za/latest-vaccine-statistics/
2022-02-02,20220202,3334585.0,1745195.0,8450460.0,4630353.0,3000633.0,1775851.0,616422.0,1852161.0,4765406.0,30171066,https://sacoronavirus.co.za/latest-vaccine-statistics/
2022-02-03,20220203,3341844.0,1749689.0,8471505.0,4640339.0,3007897.0,1780266.0,617360.0,1856840.0,4774495.0,30240235,https://sacoronavirus.co.za/latest-vaccine-statistics/
2022-02-04,20220204,3347505.0,1754333.0,8492275.0,4651138.0,3013157.0,1784688.0,618550.0,1860975.0,4785040.0,30307661,https://sacoronavirus.co.za/latest-vaccine-statistics/
2022-02-05,20220205,3348247.0,1755223.0,8498965.0,4654351.0,3013993.0,1786042.0,618733.0,1862119.0,4786745.0,30324418,https://sacoronavirus.co.za/latest-vaccine-statistics/
2022-02-06,20220206,3348440.0,1755262.0,8500628.0,4655622.0,3014060.0,1786163.0,618848.0,1862997.0,4786889.0,30328909,https://sacoronavirus.co.za/latest-vaccine-statistics/
2022-02-07,20220207,3355618.0,1759966.0,8520373.0,4666027.0,3020225.0,1790353.0,619554.0,1866745.0,4795159.0,30394020,https://sacoronavirus.co.za/latest-vaccine-statistics/
2022-02-08,20220208,3362378.0,1764819.0,8541435.0,4677781.0,3026888.0,1794405.0,620508.0,1871183.0,4804402.0,30463799,https://sacoronavirus.co.za/latest-vaccine-statistics/
2022-02-09,20220209,3369989.0,1769907.0,8563425.0,4690288.0,3033567.0,1797864.0,621543.0,1876277.0,4813118.0,30535978,https://sacoronavirus.co.za/latest-vaccine-statistics/
2022-02-10,20220210,3378702.0,1774111.0,8584760.0,4702931.0,3039531.0,1802029.0,622352.0,1881452.0,4821684.0,30607552,https://sacoronavirus.co.za/latest-vaccine-statistics/
2022-02-11,20220211,3385296.0,1779101.0,8606996.0,4715345.0,3044536.0,1805932.0,623528.0,1885996.0,4831721.0,30678451,https://sacoronavirus.co.za/latest-vaccine-statistics/
2022-02-12,20220212,3386165.0,1780427.0,8612936.0,4718653.0,3045291.0,1807005.0,623652.0,1887323.0,4833560.0,30695012,https://sacoronavirus.co.za/latest-vaccine-statistics/
2022-02-13,20220213,3386227.0,1780447.0,8614132.0,4719768.0,3045488.0,1807218.0,623758.0,1888151.0,4833668.0,30698857,https://sacoronavirus.co.za/latest-vaccine-statistics/
2022-02-14,20220214,3392811.0,1785375.0,8636284.0,4731257.0,3051808.0,1811217.0,624521.0,1892532.0,4842499.0,30768304,https://sacoronavirus.co.za/latest-vaccine-statistics/
2022-02-15,20220215,3400515.0,1790966.0,8658780.0,4744624.0,3058295.0,1815548.0,625408.0,1897425.0,4851415.0,30842976,https://sacoronavirus.co.za/latest-vaccine-statistics/
2022-02-16,20220216,3408570.0,1797083.0,8681559.0,4758519.0,3065995.0,1819955.0,626327.0,1902481.0,4861274.0,30921763,https://sacoronavirus.co.za/latest-vaccine-statistics/
2022-02-17,20220217,3417608.0,1803766.0,8703774.0,4771983.0,3073132.0,1824393.0,627413.0,1907420.0,4871282.0,31000771,https://sacoronavirus.co.za/latest-vaccine-statistics/
2022-02-18,20220218,3424348.0,1810201.0,8728527.0,4784522.0,3078707.0,1828873.0,628658.0,1912386.0,4881672.0,31077894,https://sacoronavirus.co.za/latest-vaccine-statistics/
2022-02-19,20220219,3425211.0,1811100.0,8735895.0,4787937.0,3079621.0,1830318.0,628913.0,1914469.0,4883337.0,31096801,https://sacoronavirus.co.za/latest-vaccine-statistics/
2022-02-20,20220220,3425385.0,1811175.0,8738693.0,4789146.0,3079777.0,1830953.0,629089.0,1915573.0,4883440.0,31103231,https://sacoronavirus.co.za/latest-vaccine-statistics/
2022-02-21,20220221,3433072.0,1817387.0,8762571.0,4802660.0,3086912.0,1835222.0,630091.0,1919775.0,4892575.0,31180265,https://sacoronavirus.co.za/latest-vaccine-statistics/
2022-02-22,20220222,3441711.0,1825131.0,8787701.0,4817954.0,3094014.0,1840421.0,631234.0,1924898.0,4903235.0,31266299,https://sacoronavirus.co.za/latest-vaccine-statistics/
2022-02-23,20220223,3450885.0,1832699.0,8815556.0,4834729.0,3103062.0,1846062.0,632774.0,1930488.0,4915703.0,31361958,https://sacoronavirus.co.za/latest-vaccine-statistics/
2022-02-24,20220224,3459702.0,1840414.0,8842059.0,4850776.0,3110264.0,1851486.0,634517.0,1935900.0,4928010.0,31453128,https://sacoronavirus.co.za/latest-vaccine-statistics/
2022-02-25,20220225,3468221.0,1848287.0,8870766.0,4868443.0,3117191.0,1857603.0,636200.0,1941504.0,4942274.0,31550489,https://sacoronavirus.co.za/latest-vaccine-statistics/
2022-02-26,20220226,3469228.0,1849020.0,8879562.0,4873064.0,3118325.0,1860393.0,636438.0,1944085.0,4944486.0,31574601,https://sacoronavirus.co.za/latest-vaccine-statistics/
2022-02-27,20220227,3469395.0,1849028.0,8881485.0,4874563.0,3118474.0,1861617.0,636586.0,1945846.0,4944704.0,31581698,https://sacoronavirus.co.za/latest-vaccine-statistics/
2022-02-28,20220228,3480024.0,1856969.0,8915427.0,4892697.0,3127415.0,1868337.0,638085.0,1952785.0,4960266.0,31692005,https://sacoronavirus.co.za/latest-vaccine-statistics/
2022-03-01,20220301,3491145.0,1865241.0,8947839.0,4910670.0,3135837.0,1873881.0,639972.0,1959384.0,4975731.0,31799700,https://sacoronavirus.co.za/latest-vaccine-statistics/
2022-03-02,20220302,3503192.0,1874307.0,8979417.0,4929238.0,3146263.0,1879486.0,641716.0,1966411.0,4991135.0,31911165,https://sacoronavirus.co.za/latest-vaccine-statistics/
2022-03-03,20220303,3514439.0,1882840.0,9013100.0,4949188.0,3156474.0,1886443.0,643432.0,1973787.0,5007447.0,32027150,https://sacoronavirus.co.za/latest-vaccine-statistics/
2022-03-04,20220304,3523312.0,1889589.0,9047209.0,4968319.0,3164837.0,1893269.0,645295.0,1980512.0,5024960.0,32137302,https://sacoronavirus.co.za/latest-vaccine-statistics/
2022-03-05,20220305,3524951.0,1890418.0,9058810.0,4973462.0,3165922.0,1894796.0,645532.0,1982444.0,5027537.0,32163872,https://sacoronavirus.co.za/latest-vaccine-statistics/
2022-03-06,20220306,3525126.0,1890621.0,9062964.0,4974916.0,3165971.0,1894995.0,645568.0,1983614.0,5027853.0,32171628,https://sacoronavirus.co.za/latest-vaccine-statistics/
2022-03-07,20220307,3535178.0,1897999.0,9092812.0,4991557.0,3174257.0,1901720.0,647003.0,1989398.0,5040879.0,32270803,https://sacoronavirus.co.za/latest-vaccine-statistics/
2022-03-08,20220308,3545545.0,1905466.0,9122760.0,5008628.0,3182463.0,1908079.0,648540.0,1995853.0,5054949.0,32372283,https://sacoronavirus.co.za/latest-vaccine-statistics/
2022-03-09,20220309,3556968.0,1912720.0,9146958.0,5024435.0,3191122.0,1914747.0,650051.0,2002106.0,5069864.0,32468971,https://sacoronavirus.co.za/latest-vaccine-statistics/
2022-03-10,20220310,3567668.0,1920534.0,9174816.0,5040747.0,3199250.0,1921702.0,651590.0,2008647.0,5083548.0,32568502,https://sacoronavirus.co.za/latest-vaccine-statistics/
2022-03-11,20220311,3577260.0,1928174.0,9204119.0,5056453.0,3205753.0,1927744.0,653412.0,2014835.0,5097715.0,32665465,https://sacoronavirus.co.za/latest-vaccine-statistics/
2022-03-12,20220312,3578473.0,1928987.0,9212255.0,5060775.0,3206273.0,1929038.0,653598.0,2017212.0,5099975.0,32686586,https://sacoronavirus.co.za/latest-vaccine-statistics/
2022-03-13,20220313,3578579.0,1928991.0,9214069.0,5062049.0,3206327.0,1929422.0,653780.0,2018817.0,5100110.0,32692144,https://sacoronavirus.co.za/latest-vaccine-statistics/
2022-03-14,20220314,3586561.0,1934730.0,9238969.0,5075800.0,3214399.0,1935826.0,655019.0,2023292.0,5111648.0,32776244,https://sacoronavirus.co.za/latest-vaccine-statistics/
2022-03-15,20220315,3597725.0,1941083.0,9264542.0,5087480.0,3222404.0,1941686.0,656554.0,2029249.0,5123680.0,32864403,https://sacoronavirus.co.za/latest-vaccine-statistics/
2022-03-16,20220316,3608695.0,1947904.0,9290334.0,5101338.0,3230674.0,1948550.0,658525.0,2035426.0,5136237.0,32957683,https://sacoronavirus.co.za/latest-vaccine-statistics/
2022-03-17,20220317,3620089.0,1954196.0,9311830.0,5114116.0,3237928.0,1954286.0,660166.0,2039937.0,5148922.0,33041470,https://sacoronavirus.co.za/latest-vaccine-statistics/
2022-03-18,20220318,3628486.0,1959812.0,9336856.0,5127767.0,3243767.0,1959365.0,661724.0,2044323.0,5162208.0,33124308,https://sacoronavirus.co.za/latest-vaccine-statistics/
2022-03-19,20220319,3629401.0,1960224.0,9344484.0,5131349.0,3244430.0,1960481.0,661837.0,2045969.0,5164387.0,33142562,https://sacoronavirus.co.za/latest-vaccine-statistics/
2022-03-20,20220320,3629556.0,1960239.0,9346339.0,5132594.0,3244519.0,1960634.0,661912.0,2047530.0,5164487.0,33147810,https://sacoronavirus.co.za/latest-vaccine-statistics/
2022-03-21,20220321,3631223.0,1960329.0,9348594.0,5134242.0,3244927.0,1960889.0,661968.0,2048703.0,5164758.0,33155633,https://sacoronavirus.co.za/latest-vaccine-statistics/
2022-03-22,20220322,3641492.0,1965954.0,9371912.0,5146716.0,3253243.0,1966494.0,663088.0,2054152.0,5175111.0,33238162,https://sacoronavirus.co.za/latest-vaccine-statistics/
2022-03-23,20220323,3652806.0,1971774.0,9399562.0,5160222.0,3263088.0,1972686.0,664483.0,2060462.0,5187795.0,33332878,https://sacoronavirus.co.za/latest-vaccine-statistics/
2022-03-24,20220324,3663574.0,1977524.0,9426294.0,5173221.0,3272892.0,1978766.0,666167.0,2067076.0,5199159.0,33424673,https://sacoronavirus.co.za/latest-vaccine-statistics/
2022-03-25,20220325,3669985.0,1983785.0,9451693.0,5185296.0,3279839.0,1983916.0,667536.0,2071850.0,5211018.0,33504918,https://sacoronavirus.co.za/latest-vaccine-statistics/
2022-03-26,20220326,3670925.0,1984424.0,9459572.0,5189138.0,3280410.0,1985018.0,667851.0,2073370.0,5213207.0,33523915,https://sacoronavirus.co.za/latest-vaccine-statistics/
2022-03-27,20220327,3671206.0,1984457.0,9461311.0,5190227.0,3280478.0,1985338.0,668030.0,2074437.0,5213318.0,33528802,https://sacoronavirus.co.za/latest-vaccine-statistics/
2022-03-28,20220328,3679643.0,1990319.0,9484566.0,5201405.0,3288962.0,1991340.0,669055.0,2079381.0,5223449.0,33608120,https://sacoronavirus.co.za/latest-vaccine-statistics/
2022-03-29,20220329,3688905.0,1996912.0,9508800.0,5213044.0,3298180.0,1997310.0,670297.0,2085011.0,5232500.0,33690959,https://sacoronavirus.co.za/latest-vaccine-statistics/
2022-03-30,20220330,3698404.0,2003676.0,9533820.0,5224821.0,3308168.0,2003042.0,671614.0,2090882.0,5242871.0,33777298,https://sacoronavirus.co.za/latest-vaccine-statistics/
2022-03-31,20220331,3707118.0,2009614.0,9557358.0,5235476.0,3316674.0,2008795.0,672876.0,2096011.0,5253643.0,33857565,https://sacoronavirus.co.za/latest-vaccine-statistics/
2022-04-01,20220401,3713213.0,2014004.0,9578225.0,5244782.0,3322603.0,2013455.0,673859.0,2100007.0,5263046.0,33923194,https://sacoronavirus.co.za/latest-vaccine-statistics/
2022-04-02,20220402,3713939.0,2014346.0,9584057.0,5247382.0,3323105.0,2014060.0,674001.0,2101166.0,5264427.0,33936483,https://sacoronavirus.co.za/latest-vaccine-statistics/
2022-04-03,20220403,3714124.0,2014394.0,9584678.0,5248209.0,3323180.0,2014097.0,674015.0,2101760.0,5264547.0,33939004,https://sacoronavirus.co.za/latest-vaccine-statistics/
2022-04-04,20220404,3720359.0,2018515.0,9598900.0,5256727.0,3329460.0,2017499.0,674757.0,2104908.0,5271676.0,33992801,https://sacoronavirus.co.za/latest-vaccine-statistics/
2022-04-05,20220405,3727077.0,2022441.0,9613930.0,5265159.0,3335595.0,2021896.0,675580.0,2108594.0,5278085.0,34048357,https://sacoronavirus.co.za/latest-vaccine-statistics/
2022-04-06,20220406,3735040.0,2027271.0,9628767.0,5275106.0,3341857.0,2026881.0,676750.0,2113261.0,5284528.0,34109461,https://sacoronavirus.co.za/latest-vaccine-statistics/
2022-04-07,20220407,3743119.0,2031865.0,9644430.0,5285223.0,3347496.0,2032942.0,677692.0,2118039.0,5291242.0,34172048,https://sacoronavirus.co.za/latest-vaccine-statistics/
2022-04-08,20220408,3749805.0,2036620.0,9660283.0,5295979.0,3352514.0,2038281.0,679104.0,2122826.0,5299261.0,34234673,https://sacoronavirus.co.za/latest-vaccine-statistics/
2022-04-09,20220409,3752239.0,2037266.0,9666708.0,5300252.0,3353429.0,2039762.0,679998.0,2124410.0,5302128.0,34256192,https://sacoronavirus.co.za/latest-vaccine-statistics/
2022-04-10,20220410,3752989.0,2037288.0,9667741.0,5302043.0,3353670.0,2040229.0,680285.0,2125392.0,5302909.0,34262546,https://sacoronavirus.co.za/latest-vaccine-statistics/
2022-04-11,20220411,3759660.0,2040173.0,9678213.0,5307648.0,3359848.0,2045378.0,680948.0,2129020.0,5308653.0,34309541,https://sacoronavirus.co.za/latest-vaccine-statistics/
2022-04-12,20220412,3766761.0,2044443.0,9693135.0,5313386.0,3367462.0,2051755.0,681998.0,2133421.0,5314547.0,34366908,https://sacoronavirus.co.za/latest-vaccine-statistics/
2022-04-13,20220413,3772340.0,2049755.0,9707604.0,5321002.0,3374943.0,2057343.0,682930.0,2137658.0,5320360.0,34423935,https://sacoronavirus.co.za/latest-vaccine-statistics/
2022-04-14,20220414,3775912.0,2052712.0,9720340.0,5325413.0,3379006.0,2061043.0,683387.0,2140228.0,5325672.0,34463713,https://sacoronavirus.co.za/latest-vaccine-statistics/
2022-04-15,20220415,3776394.0,2052821.0,9721139.0,5326064.0,3379173.0,2061276.0,683389.0,2140838.0,5325728.0,34466822,https://sacoronavirus.co.za/latest-vaccine-statistics/
2022-04-16,20220416,3776789.0,2052979.0,9723031.0,5326875.0,3379431.0,2061410.0,683479.0,2141492.0,5326261.0,34471747,https://sacoronavirus.co.za/latest-vaccine-statistics/
2022-04-17,20220417,3777089.0,2053052.0,9723372.0,5327174.0,3379481.0,2061478.0,683480.0,2141942.0,5326295.0,34473363,https://sacoronavirus.co.za/latest-vaccine-statistics/
2022-04-18,20220418,3777348.0,2053152.0,9724811.0,5327807.0,3379658.0,2061581.0,683504.0,2143068.0,5326412.0,34477341,https://sacoronavirus.co.za/latest-vaccine-statistics/
2022-04-19,20220419,3782884.0,2056894.0,9737816.0,5335214.0,3384576.0,2065973.0,684182.0,2146388.0,5331568.0,34525495,https://sacoronavirus.co.za/latest-vaccine-statistics/
2022-04-20,20220420,3791115.0,2061114.0,9751349.0,5344459.0,3390764.0,2071146.0,685101.0,2150211.0,5337077.0,34582336,https://sacoronavirus.co.za/latest-vaccine-statistics/
2022-04-21,20220421,3799825.0,2065180.0,9764614.0,5354178.0,3397094.0,2075954.0,686069.0,2154344.0,5342706.0,34639964,https://sacoronavirus.co.za/latest-vaccine-statistics/
2022-04-22,20220422,3806927.0,2069304.0,9778919.0,5363350.0,3401672.0,2081421.0,687239.0,2158405.0,5349162.0,34696399,https://sacoronavirus.co.za/latest-vaccine-statistics/
2022-04-23,20220423,3807579.0,2069572.0,9783720.0,5365462.0,3402411.0,2082096.0,687303.0,2159496.0,5350254.0,34707893,https://sacoronavirus.co.za/latest-vaccine-statistics/
2022-04-24,20220424,3807841.0,2069597.0,9784872.0,5366686.0,3402608.0,2082202.0,687305.0,2160372.0,5350308.0,34711791,https://sacoronavirus.co.za/latest-vaccine-statistics/
2022-04-25,20220425,3815975.0,2074282.0,9798900.0,5375244.0,3410232.0,2086900.0,688395.0,2164124.0,5355891.0,34769943,https://sacoronavirus.co.za/latest-vaccine-statistics/
2022-04-26,20220426,3825732.0,2079543.0,9816110.0,5385440.0,3417315.0,2092321.0,689796.0,2168707.0,5362626.0,34837590,https://sacoronavirus.co.za/latest-vaccine-statistics/
2022-04-27,20220427,3827424.0,2079712.0,9819402.0,5387303.0,3418033.0,2092925.0,689960.0,2170231.0,5363004.0,34847994,https://sacoronavirus.co.za/latest-vaccine-statistics/
2022-04-28,20220428,3837221.0,2085307.0,9835390.0,5398464.0,3426449.0,2097863.0,691310.0,2174858.0,5369881.0,34916743,https://sacoronavirus.co.za/latest-vaccine-statistics/
2022-04-29,20220429,3844048.0,2089552.0,9851368.0,5407437.0,3432867.0,2102326.0,692389.0,2178257.0,5377193.0,34975437,https://sacoronavirus.co.za/latest-vaccine-statistics/
2022-04-30,20220430,3844632.0,2090004.0,9856147.0,5409821.0,3433440.0,2102799.0,692449.0,2179330.0,5378323.0,34986945,https://sacoronavirus.co.za/latest-vaccine-statistics/
2022-05-01,20220501,3844846.0,2090073.0,9857346.0,5410577.0,3433586.0,2102843.0,692452.0,2180329.0,5378390.0,34990442,https://sacoronavirus.co.za/latest-vaccine-statistics/
2022-05-02,20220502,3845406.0,2090204.0,9859324.0,5411827.0,3433930.0,2102985.0,692532.0,2181431.0,5378653.0,34996292,https://sacoronavirus.co.za/latest-vaccine-statistics/
2022-05-03,20220503,3853029.0,2094720.0,9872446.0,5419799.0,3441479.0,2107286.0,693622.0,2184644.0,5383903.0,35050928,https://sacoronavirus.co.za/latest-vaccine-statistics/
2022-05-04,20220504,3861168.0,2099707.0,9885902.0,5429101.0,3449150.0,2111750.0,694758.0,2188025.0,5389538.0,35109099,https://sacoronavirus.co.za/latest-vaccine-statistics/
2022-05-05,20220505,3870437.0,2104267.0,9898329.0,5439063.0,3456745.0,2116644.0,696158.0,2191700.0,5395028.0,35168371,https://sacoronavirus.co.za/latest-vaccine-statistics/
2022-05-06,20220506,3878214.0,2108251.0,9911654.0,5448229.0,3462584.0,2120648.0,697326.0,2194610.0,5400582.0,35222098,https://sacoronavirus.co.za/latest-vaccine-statistics/
2022-05-07,20220507,3878947.0,2108627.0,9916275.0,5450385.0,3463353.0,2121164.0,697372.0,2195745.0,5401655.0,35233523,https://sacoronavirus.co.za/latest-vaccine-statistics/
2022-05-08,20220508,3879102.0,2108637.0,9916836.0,5451043.0,3463580.0,2121278.0,697410.0,2196487.0,5401704.0,35236077,https://sacoronavirus.co.za/latest-vaccine-statistics/
2022-05-09,20220509,3887403.0,2112603.0,9928160.0,5460625.0,3470848.0,2125706.0,698551.0,2200201.0,5406551.0,35290648,https://sacoronavirus.co.za/latest-vaccine-statistics/
2022-05-10,20220510,3897704.0,2116370.0,9941535.0,5471200.0,3478800.0,2130185.0,699667.0,2204104.0,5411550.0,35351115,https://sacoronavirus.co.za/latest-vaccine-statistics/
2022-05-11,20220511,3908279.0,2120750.0,9955714.0,5482380.0,3487591.0,2134908.0,701455.0,2207821.0,5416528.0,35415426,https://sacoronavirus.co.za/latest-vaccine-statistics/
2022-05-12,20220512,3917830.0,2124823.0,9969552.0,5493208.0,3496343.0,2140119.0,702971.0,2211846.0,5421739.0,35478431,https://sacoronavirus.co.za/latest-vaccine-statistics/
2022-05-13,20220513,3924987.0,2128563.0,9983142.0,5502097.0,3502210.0,2144539.0,704292.0,2215436.0,5427330.0,35532596,https://sacoronavirus.co.za/latest-vaccine-statistics/
2022-05-14,20220514,3925708.0,2128867.0,9987276.0,5504181.0,3502833.0,2144837.0,704439.0,2216446.0,5428353.0,35542940,https://sacoronavirus.co.za/latest-vaccine-statistics/
2022-05-15,20220515,3925947.0,2128885.0,9988524.0,5505618.0,3503075.0,2144882.0,704456.0,2217259.0,5428440.0,35547086,https://sacoronavirus.co.za/latest-vaccine-statistics/
2022-05-16,20220516,3934336.0,2132518.0,10000252.0,5517373.0,3510279.0,2148759.0,705708.0,2220443.0,5433112.0,35602780,https://sacoronavirus.co.za/latest-vaccine-statistics/
2022-05-17,20220517,3943640.0,2137036.0,10012374.0,5532449.0,3518259.0,2152769.0,707580.0,2223820.0,5438256.0,35666183,https://sacoronavirus.co.za/latest-vaccine-statistics/
2022-05-18,20220518,3953028.0,2141227.0,10024858.0,5548976.0,3525461.0,2157095.0,709171.0,2227057.0,5442825.0,35729698,https://sacoronavirus.co.za/latest-vaccine-statistics/
2022-05-19,20220519,3962788.0,2144817.0,10037734.0,5565578.0,3533192.0,2162136.0,710633.0,2230301.0,5446805.0,35793984,https://sacoronavirus.co.za/latest-vaccine-statistics/
2022-05-20,20220520,3968691.0,2147763.0,10049776.0,5579327.0,3538481.0,2165911.0,711626.0,2232948.0,5452229.0,35846752,https://sacoronavirus.co.za/latest-vaccine-statistics/
2022-05-21,20220521,3969331.0,2148023.0,10052423.0,5581480.0,3538769.0,2166225.0,711759.0,2233442.0,5453151.0,35854603,https://sacoronavirus.co.za/latest-vaccine-statistics/
2022-05-22,20220522,3969509.0,2148055.0,10053232.0,5582873.0,3538878.0,2166329.0,711877.0,2234178.0,5453216.0,35858147,https://sacoronavirus.co.za/latest-vaccine-statistics/
2022-05-23,20220523,3977330.0,2151372.0,10063828.0,5591731.0,3544989.0,2169633.0,713245.0,2236812.0,5456919.0,35905859,https://sacoronavirus.co.za/latest-vaccine-statistics/
2022-05-24,20220524,3986466.0,2155238.0,10075123.0,5601855.0,3551959.0,2173984.0,714841.0,2239897.0,5460949.0,35960312,https://sacoronavirus.co.za/latest-vaccine-statistics/
2022-05-25,20220525,3993944.0,2159245.0,10087011.0,5613274.0,3559408.0,2177859.0,716577.0,2242858.0,5465169.0,36015345,https://sacoronavirus.co.za/latest-vaccine-statistics/
2022-05-26,20220526,4001428.0,2163354.0,10098067.0,5623066.0,3567424.0,2183092.0,718054.0,2246071.0,5469154.0,36069710,https://sacoronavirus.co.za/latest-vaccine-statistics/
2022-05-27,20220527,4006339.0,2166922.0,10108509.0,5631560.0,3572692.0,2186811.0,719314.0,2248927.0,5473564.0,36114638,https://sacoronavirus.co.za/latest-vaccine-statistics/
2022-05-28,20220528,4007193.0,2167219.0,10111864.0,5633083.0,3573217.0,2187179.0,719353.0,2249910.0,5474418.0,36123436,https://sacoronavirus.co.za/latest-vaccine-statistics/
2022-05-29,20220529,4007703.0,2167225.0,10112766.0,5633763.0,3573437.0,2187219.0,719417.0,2250988.0,5474505.0,36127023,https://sacoronavirus.co.za/latest-vaccine-statistics/
2022-05-30,20220530,4014260.0,2169952.0,10121505.0,5641735.0,3579625.0,2191276.0,720676.0,2253216.0,5477662.0,36169907,https://sacoronavirus.co.za/latest-vaccine-statistics/
2022-05-31,20220531,4020424.0,2172635.0,10129990.0,5649968.0,3585645.0,2195322.0,721653.0,2255476.0,5481098.0,36212211,https://sacoronavirus.co.za/latest-vaccine-statistics/
2022-06-01,20220601,4026526.0,2175595.0,10138010.0,5657942.0,3592281.0,2200051.0,722680.0,2257642.0,5484466.0,36255193,https://sacoronavirus.co.za/latest-vaccine-statistics/
2022-06-02,20220602,4032814.0,2178765.0,10146218.0,5665601.0,3598432.0,2203893.0,723736.0,2259807.0,5488025.0,36297291,https://sacoronavirus.co.za/latest-vaccine-statistics/
2022-06-03,20220603,4036990.0,2181499.0,10155058.0,5671961.0,3603848.0,2207222.0,724887.0,2261564.0,5492025.0,36335054,https://sacoronavirus.co.za/latest-vaccine-statistics/
2022-06-04,20220604,4037279.0,2181617.0,10157757.0,5673293.0,3604564.0,2207521.0,724930.0,2262227.0,5492636.0,36341824,https://sacoronavirus.co.za/latest-vaccine-statistics/
2022-06-05,20220605,4037324.0,2181623.0,10158100.0,5673899.0,3604640.0,2207599.0,724931.0,2262796.0,5492675.0,36343587,https://sacoronavirus.co.za/latest-vaccine-statistics/
2022-06-06,20220606,4042640.0,2184391.0,10165544.0,5680511.0,3609392.0,2211042.0,725898.0,2264827.0,5495821.0,36380066,https://sacoronavirus.co.za/latest-vaccine-statistics/
2022-06-07,20220607,4048815.0,2187029.0,10173374.0,5688070.0,3615139.0,2214320.0,727052.0,2267123.0,5499331.0,36420253,https://sacoronavirus.co.za/latest-vaccine-statistics/
2022-06-08,20220608,4055404.0,2189820.0,10181110.0,5696378.0,3621498.0,2217726.0,728313.0,2269583.0,5503179.0,36463011,https://sacoronavirus.co.za/latest-vaccine-statistics/
2022-06-09,20220609,4061810.0,2192444.0,10189111.0,5703842.0,3626809.0,2221356.0,729596.0,2271868.0,5506856.0,36503692,https://sacoronavirus.co.za/latest-vaccine-statistics/
2022-06-10,20220610,4066481.0,2194861.0,10196354.0,5709190.0,3630069.0,2224119.0,730843.0,2273613.0,5510257.0,36535787,https://sacoronavirus.co.za/latest-vaccine-statistics/
2022-06-11,20220611,4066849.0,2195048.0,10198994.0,5710293.0,3630435.0,2224325.0,730894.0,2274254.0,5510771.0,36541863,https://sacoronavirus.co.za/latest-vaccine-statistics/
2022-06-12,20220612,4066937.0,2195050.0,10199225.0,5710762.0,3630492.0,2224365.0,730900.0,2274717.0,5510788.0,36543236,https://sacoronavirus.co.za/latest-vaccine-statistics/
2022-06-13,20220613,4071918.0,2197135.0,10206448.0,5717382.0,3635570.0,2227904.0,731919.0,2276580.0,5513182.0,36578038,https://sacoronavirus.co.za/latest-vaccine-statistics/
2022-06-14,20220614,4077631.0,2199022.0,10213194.0,5724896.0,3641245.0,2231426.0,732895.0,2278652.0,5515337.0,36614298,https://sacoronavirus.co.za/latest-vaccine-statistics/
2022-06-15,20220615,4081485.0,2201222.0,10220319.0,5731224.0,3646910.0,2234467.0,734036.0,2280376.0,5518449.0,36648488,https://sacoronavirus.co.za/latest-vaccine-statistics/
2022-06-16,20220616,4082737.0,2201382.0,10221402.0,5732443.0,3647585.0,2235049.0,734408.0,2281126.0,5518651.0,36654783,https://sacoronavirus.co.za/latest-vaccine-statistics/
2022-06-17,20220617,4085773.0,2203182.0,10228123.0,5736851.0,3651444.0,2237420.0,735159.0,2282297.0,5522138.0,36682387,https://sacoronavirus.co.za/latest-vaccine-statistics/
2022-06-18,20220618,4086161.0,2203265.0,10229843.0,5737960.0,3651768.0,2237753.0,735210.0,2282989.0,5522584.0,36687533,https://sacoronavirus.co.za/latest-vaccine-statistics/
2022-06-19,20220619,4086218.0,2203266.0,10230131.0,5738426.0,3651837.0,2237797.0,,2283466.0,5522596.0,36688947,https://sacoronavirus.co.za/latest-vaccine-statistics/
2022-06-20,20220620,4090199.0,2205325.0,10237358.0,5743729.0,3656112.0,2240909.0,735785.0,2285136.0,5525558.0,36720111,https://sacoronavirus.co.za/latest-vaccine-statistics/
2022-06-21,20220621,4094991.0,2207772.0,10244070.0,5750116.0,3660138.0,2244692.0,736610.0,2286845.0,5528307.0,36753541,https://sacoronavirus.co.za/latest-vaccine-statistics/
2022-06-22,20220622,4099882.0,2209829.0,10250409.0,5756335.0,3664893.0,2247635.0,737266.0,2288162.0,5531168.0,36785579,https://sacoronavirus.co.za/latest-vaccine-statistics/
2022-06-23,20220623,4104101.0,2211225.0,10255445.0,5761539.0,3667884.0,2250712.0,738204.0,2289209.0,5533476.0,36811795,https://sacoronavirus.co.za/latest-vaccine-statistics/
2022-06-24,20220624,4106604.0,2212943.0,10260309.0,5765342.0,3670080.0,2253214.0,738995.0,2290377.0,5535538.0,36833402,https://sacoronavirus.co.za/latest-vaccine-statistics/
2022-06-25,20220625,4106872.0,2213123.0,10261653.0,5765972.0,3670255.0,2253390.0,739145.0,2290574.0,5535893.0,36836877,https://sacoronavirus.co.za/latest-vaccine-statistics/
2022-06-26,20220626,4106935.0,2213125.0,10261784.0,5766305.0,3670297.0,2253430.0,739146.0,2290920.0,5535961.0,36837903,https://sacoronavirus.co.za/latest-vaccine-statistics/
2022-06-27,20220627,4109819.0,2214713.0,10266594.0,5769510.0,3672123.0,2255608.0,739770.0,2291961.0,5537909.0,36858007,https://sacoronavirus.co.za/latest-vaccine-statistics/
2022-06-28,20220628,4113331.0,2216335.0,10271455.0,5773107.0,3673854.0,2257519.0,740625.0,2292996.0,5539713.0,36878935,https://sacoronavirus.co.za/latest-vaccine-statistics/
2022-06-29,20220629,4116215.0,2217867.0,10276021.0,5776527.0,3675705.0,2259660.0,741455.0,2293995.0,5541545.0,36898990,https://sacoronavirus.co.za/latest-vaccine-statistics/
2022-06-30,20220630,4118520.0,2219426.0,10280998.0,5779555.0,3677533.0,2262028.0,742321.0,2294935.0,5543302.0,36918618,https://sacoronavirus.co.za/latest-vaccine-statistics/
2022-07-01,20220701,4119507.0,2220424.0,10284712.0,5781807.0,3678456.0,2263514.0,743373.0,2295454.0,5544711.0,36931958,https://sacoronavirus.co.za/latest-vaccine-statistics/
2022-07-02,20220702,4119588.0,2220458.0,10285894.0,5782239.0,3678560.0,2263634.0,743819.0,2295684.0,5544954.0,36934830,https://sacoronavirus.co.za/latest-vaccine-statistics/
2022-07-03,20220703,4119656.0,2220459.0,10286016.0,5782488.0,3678578.0,2263650.0,743865.0,2295921.0,5544966.0,36935599,https://sacoronavirus.co.za/latest-vaccine-statistics/
2022-07-04,20220704,4121575.0,2221608.0,10289745.0,5785098.0,3679922.0,2265492.0,744595.0,2296619.0,5546419.0,36951073,https://sacoronavirus.co.za/latest-vaccine-statistics/
2022-07-05,20220705,4123762.0,2222672.0,10293045.0,5788032.0,3681366.0,2267498.0,745373.0,2297458.0,5547916.0,36967122,https://sacoronavirus.co.za/latest-vaccine-statistics/
2022-07-06,20220706,4125997.0,2223747.0,10296472.0,5790915.0,3682784.0,2269203.0,746040.0,2298283.0,5549431.0,36982872,https://sacoronavirus.co.za/latest-vaccine-statistics/
2022-07-07,20220707,4128344.0,2224850.0,10299864.0,5793999.0,3684533.0,2270777.0,746782.0,2299138.0,5550983.0,36999270,https://sacoronavirus.co.za/latest-vaccine-statistics/
2022-07-08,20220708,4130311.0,2225910.0,10303221.0,5796465.0,3685416.0,2272495.0,747420.0,2299657.0,5552311.0,37013206,https://sacoronavirus.co.za/latest-vaccine-statistics/
2022-07-09,20220709,4130388.0,2225959.0,10304107.0,5797010.0,3685513.0,2272572.0,747456.0,2299983.0,5552507.0,37015495,https://sacoronavirus.co.za/latest-vaccine-statistics/
2022-07-10,20220710,4130397.0,,10304192.0,5797272.0,3685553.0,2272605.0,747461.0,2300227.0,5552519.0,37016185,https://sacoronavirus.co.za/latest-vaccine-statistics/
2022-07-11,20220711,4132456.0,2226901.0,10307774.0,5799880.0,3686786.0,2274677.0,748315.0,2300829.0,5553837.0,37031455,https://sacoronavirus.co.za/latest-vaccine-statistics/
2022-07-12,20220712,4134865.0,2228002.0,10311008.0,5802757.0,3688035.0,2276786.0,749074.0,2301617.0,5555215.0,37047359,https://sacoronavirus.co.za/latest-vaccine-statistics/
2022-07-13,20220713,4137512.0,2229197.0,10314104.0,5805426.0,3689513.0,2278753.0,749943.0,2302359.0,5556579.0,37063386,https://sacoronavirus.co.za/latest-vaccine-statistics/
2022-07-14,20220714,4139528.0,2230400.0,10316844.0,5807927.0,3690843.0,2280700.0,750692.0,2303188.0,5557892.0,37078014,https://sacoronavirus.co.za/latest-vaccine-statistics/
2022-07-15,20220715,4141320.0,2231324.0,10319509.0,5810241.0,3691544.0,2282505.0,751349.0,2303665.0,5559342.0,37090799,https://sacoronavirus.co.za/latest-vaccine-statistics/
2022-07-16,20220716,4141384.0,2231334.0,10320244.0,5810753.0,3691605.0,2282626.0,751371.0,2303866.0,5559504.0,37092687,https://sacoronavirus.co.za/latest-vaccine-statistics/
2022-07-17,20220717,4141391.0,,10320386.0,5810953.0,3691621.0,2282642.0,751398.0,2304138.0,5559508.0,37093371,https://sacoronavirus.co.za/latest-vaccine-statistics/
2022-07-18,20220718,4143600.0,2232343.0,10323502.0,5813851.0,3692695.0,2284561.0,752216.0,2304821.0,5560730.0,37108319,https://sacoronavirus.co.za/latest-vaccine-statistics/
2022-07-19,20220719,4146121.0,2233263.0,10326146.0,5816685.0,3693818.0,2286468.0,752998.0,2305404.0,5561955.0,37122858,https://sacoronavirus.co.za/latest-vaccine-statistics/
2022-07-20,20220720,4148201.0,2234249.0,10328576.0,5819711.0,3695531.0,2288414.0,753789.0,2306126.0,5563229.0,37137826,https://sacoronavirus.co.za/latest-vaccine-statistics/
2022-07-21,20220721,4151392.0,2235386.0,10331050.0,5822942.0,3696936.0,2290390.0,754932.0,2306895.0,5564758.0,37154681,https://sacoronavirus.co.za/latest-vaccine-statistics/
2022-07-22,20220722,4154013.0,2236471.0,10333516.0,5825542.0,3697901.0,2291855.0,755959.0,2307337.0,5566265.0,37168859,https://sacoronavirus.co.za/latest-vaccine-statistics/
2022-07-23,20220723,4154118.0,2236486.0,10334097.0,5826068.0,3697988.0,2291947.0,756096.0,2307549.0,5566429.0,37170778,https://sacoronavirus.co.za/latest-vaccine-statistics/
2022-07-24,20220724,4154154.0,2236533.0,10334198.0,5826265.0,3698010.0,2291966.0,756097.0,2307812.0,5566445.0,37171480,https://sacoronavirus.co.za/latest-vaccine-statistics/
2022-07-25,20220725,4156738.0,2237720.0,10336506.0,5829148.0,3699696.0,2293986.0,756975.0,2308266.0,5567532.0,37186567,https://sacoronavirus.co.za/latest-vaccine-statistics/
2022-07-26,20220726,4160080.0,2238950.0,10338971.0,5832152.0,3701897.0,2296113.0,757697.0,2308804.0,5568723.0,37203387,https://sacoronavirus.co.za/latest-vaccine-statistics/
2022-07-27,20220727,4162009.0,2240073.0,10341497.0,5835523.0,3704053.0,2298392.0,758738.0,2309461.0,5569896.0,37219642,https://sacoronavirus.co.za/latest-vaccine-statistics/
2022-07-28,20220728,4163941.0,2241237.0,10343941.0,5839114.0,3706028.0,2300836.0,759539.0,2309935.0,5571132.0,37235703,https://sacoronavirus.co.za/latest-vaccine-statistics/
2022-07-29,20220729,4165124.0,2241838.0,10346175.0,5841368.0,3707568.0,2302999.0,760487.0,2310353.0,5572112.0,37248024,https://sacoronavirus.co.za/latest-vaccine-statistics/
2022-07-30,20220730,4165286.0,2241854.0,10346746.0,5841760.0,3707601.0,2303143.0,760491.0,2310475.0,5572277.0,37249633,https://sacoronavirus.co.za/latest-vaccine-statistics/
2022-07-31,20220731,4165335.0,2241855.0,10346839.0,5841981.0,3707641.0,2303220.0,760495.0,2310713.0,5572305.0,37250384,https://sacoronavirus.co.za/latest-vaccine-statistics/
2022-08-01,20220801,4167892.0,2242528.0,10349170.0,5844434.0,3709096.0,2304600.0,760570.0,2311025.0,5573263.0,37262578,https://sacoronavirus.co.za/latest-vaccine-statistics/
2022-08-02,20220802,4170962.0,2243377.0,10351344.0,5847237.0,3710454.0,2306020.0,760653.0,2311306.0,5574195.0,37275548,https://sacoronavirus.co.za/latest-vaccine-statistics/
2022-08-03,20220803,4173966.0,2244242.0,10353389.0,5850177.0,3712145.0,2307424.0,760848.0,2311578.0,5575447.0,37289216,https://sacoronavirus.co.za/latest-vaccine-statistics/
2022-08-04,20220804,4176807.0,2245082.0,10355519.0,5852801.0,3713806.0,2308797.0,761061.0,2311932.0,5576891.0,37302696,https://sacoronavirus.co.za/latest-vaccine-statistics/
2022-08-05,20220805,4179215.0,2245673.0,10357394.0,5854837.0,3714979.0,2309623.0,761213.0,2312212.0,5577909.0,37313055,https://sacoronavirus.co.za/latest-vaccine-statistics/
2022-08-06,20220806,4179273.0,2245696.0,10357993.0,5855097.0,3715044.0,2309665.0,761218.0,2312362.0,5578022.0,37314370,https://sacoronavirus.co.za/latest-vaccine-statistics/
2022-08-07,20220807,4179279.0,,10358054.0,5855267.0,3715073.0,2309717.0,,2312525.0,5578038.0,37314867,https://sacoronavirus.co.za/latest-vaccine-statistics/
2022-08-08,20220808,4180327.0,2246181.0,10360039.0,5856813.0,3715832.0,2310541.0,761294.0,2312764.0,5578862.0,37322653,https://sacoronavirus.co.za/latest-vaccine-statistics/
2022-08-09,20220809,4180398.0,2246203.0,10360279.0,5857042.0,3715854.0,2310586.0,,2312936.0,5578940.0,37323532,https://sacoronavirus.co.za/latest-vaccine-statistics/
2022-08-10,20220810,4183462.0,2247037.0,10362569.0,5859589.0,3717517.0,2311668.0,761467.0,2313260.0,5580237.0,37336806,https://sacoronavirus.co.za/latest-vaccine-statistics/
2022-08-11,20220811,4186453.0,2248005.0,10364614.0,5861999.0,3719238.0,2312959.0,761715.0,2313572.0,5581279.0,37349834,https://sacoronavirus.co.za/latest-vaccine-statistics/
2022-08-12,20220812,4188547.0,2248633.0,10366651.0,5864176.0,3720330.0,2313934.0,761999.0,2313874.0,5582162.0,37360306,https://sacoronavirus.co.za/latest-vaccine-statistics/
2022-08-13,20220813,4188569.0,2248654.0,10367090.0,5864483.0,3720388.0,2313962.0,762002.0,2314034.0,5582293.0,37361475,https://sacoronavirus.co.za/latest-vaccine-statistics/
2022-08-14,20220814,4188581.0,2248655.0,10367167.0,5864587.0,3720403.0,2314003.0,762004.0,2314168.0,5582305.0,37361873,https://sacoronavirus.co.za/latest-vaccine-statistics/
2022-08-15,20220815,4191216.0,2249360.0,10369053.0,5866856.0,3721973.0,2315052.0,762198.0,2314474.0,5583477.0,37373659,https://sacoronavirus.co.za/latest-vaccine-statistics/
2022-08-16,20220816,4193874.0,2250166.0,10370883.0,5868926.0,3723664.0,2316062.0,762419.0,2314834.0,5584545.0,37385373,https://sacoronavirus.co.za/latest-vaccine-statistics/
2022-08-17,20220817,4196251.0,2251000.0,10372694.0,5870979.0,3725759.0,2317037.0,762657.0,2315088.0,5585571.0,37397036,https://sacoronavirus.co.za/latest-vaccine-statistics/
2022-08-18,20220818,4198981.0,2251751.0,10374716.0,5872987.0,3727617.0,2318021.0,762876.0,2315503.0,5586555.0,37409007,https://sacoronavirus.co.za/latest-vaccine-statistics/
2022-08-19,20220819,4200593.0,2252303.0,10376520.0,5874454.0,3728665.0,2318901.0,763052.0,2315775.0,5587737.0,37418000,https://sacoronavirus.co.za/latest-vaccine-statistics/
2022-08-20,20220820,4200602.0,2252309.0,10376973.0,5874684.0,3728702.0,2318951.0,763058.0,2315891.0,5587846.0,37419016,https://sacoronavirus.co.za/latest-vaccine-statistics/
2022-08-21,20220821,4200604.0,,10377035.0,5874769.0,3728728.0,2318959.0,,2315974.0,5587853.0,37419289,https://sacoronavirus.co.za/latest-vaccine-statistics/
2022-08-22,20220822,4203199.0,2252880.0,10379169.0,5876477.0,3730034.0,2320109.0,763225.0,2316238.0,5588915.0,37430246,https://sacoronavirus.co.za/latest-vaccine-statistics/
2022-08-23,20220823,4205847.0,2253667.0,10381144.0,5878364.0,3731242.0,2321298.0,763443.0,2316601.0,5589988.0,37441594,https://sacoronavirus.co.za/latest-vaccine-statistics/
2022-08-24,20220824,4206449.0,2254306.0,10382803.0,5879728.0,3732274.0,2321979.0,763610.0,2316877.0,5590906.0,37448932,https://sacoronavirus.co.za/latest-vaccine-statistics/
2022-08-25,20220825,4207667.0,2254993.0,10384826.0,5881518.0,3734334.0,2323081.0,763763.0,2317208.0,5591947.0,37459337,https://sacoronavirus.co.za/latest-vaccine-statistics/
2022-08-26,20220826,4208349.0,2255568.0,10386439.0,5882685.0,3735292.0,2323692.0,763829.0,2317593.0,5592836.0,37466283,https://sacoronavirus.co.za/latest-vaccine-statistics/
2022-08-27,20220827,4208396.0,2255586.0,10386787.0,5882853.0,3735388.0,2323721.0,763833.0,2317782.0,5592917.0,37467263,https://sacoronavirus.co.za/latest-vaccine-statistics/
2022-08-28,20220828,4208402.0,2255587.0,10386818.0,5882921.0,3735419.0,2323737.0,,2317962.0,5592928.0,37467607,https://sacoronavirus.co.za/latest-vaccine-statistics/
2022-08-29,20220829,4210285.0,2256101.0,10388781.0,5884299.0,3736820.0,2324431.0,763934.0,2318247.0,5593702.0,37476600,https://sacoronavirus.co.za/latest-vaccine-statistics/
2022-08-30,20220830,4212163.0,2256695.0,10390608.0,5885490.0,3737963.0,2325336.0,764056.0,2318527.0,5594427.0,37485265,https://sacoronavirus.co.za/latest-vaccine-statistics/
2022-08-31,20220831,4214306.0,2257319.0,10392212.0,5886640.0,3739364.0,2326301.0,764252.0,2318824.0,5595409.0,37494627,https://sacoronavirus.co.za/latest-vaccine-statistics/
2022-09-01,20220901,4216366.0,2258008.0,10394026.0,5887778.0,3740657.0,2327234.0,764467.0,2319058.0,5596296.0,37503890,https://sacoronavirus.co.za/latest-vaccine-statistics/
2022-09-02,20220902,4218059.0,2258587.0,10395627.0,5888707.0,3741602.0,2327890.0,764516.0,2319229.0,5597059.0,37511276,https://sacoronavirus.co.za/latest-vaccine-statistics/
2022-09-03,20220903,4218076.0,2258597.0,10396278.0,5888854.0,3741631.0,2327926.0,764528.0,2319310.0,5597175.0,37512375,https://sacoronavirus.co.za/latest-vaccine-statistics/
2022-09-04,20220904,,2258599.0,10396389.0,5888896.0,3741641.0,2327943.0,,2319403.0,5597207.0,37512682,https://sacoronavirus.co.za/latest-vaccine-statistics/
2022-09-05,20220905,4219879.0,2259100.0,10398080.0,5890052.0,3742580.0,2328727.0,764654.0,2319600.0,5597864.0,37520536,https://sacoronavirus.co.za/latest-vaccine-statistics/
2022-09-06,20220906,4221893.0,2259692.0,10399595.0,5891411.0,3743749.0,2329650.0,764757.0,2319820.0,5598838.0,37529405,https://sacoronavirus.co.za/latest-vaccine-statistics/
2022-09-07,20220907,4224192.0,2260297.0,10401137.0,5892454.0,3744968.0,2330484.0,764869.0,2320086.0,5599599.0,37538086,https://sacoronavirus.co.za/latest-vaccine-statistics/
2022-09-08,20220908,4226776.0,2260846.0,10402707.0,5893499.0,3746024.0,2331234.0,765033.0,2320429.0,5600360.0,37546908,https://sacoronavirus.co.za/latest-vaccine-statistics/
2022-09-09,20220909,4228884.0,2261320.0,10404292.0,5894515.0,3746744.0,2332004.0,765165.0,2320771.0,5601172.0,37554867,https://sacoronavirus.co.za/latest-vaccine-statistics/
2022-09-10,20220910,4228932.0,2261332.0,10404596.0,5894672.0,3746915.0,2332050.0,765166.0,2320877.0,5601355.0,37555895,https://sacoronavirus.co.za/latest-vaccine-statistics/
2022-09-11,20220911,4228934.0,,10404645.0,5894721.0,3746944.0,2332056.0,,2321008.0,5601400.0,37556206,https://sacoronavirus.co.za/latest-vaccine-statistics/
2022-09-12,20220912,4231146.0,2261807.0,10406148.0,5895740.0,3747873.0,2332909.0,765320.0,2321214.0,5602086.0,37564243,https://sacoronavirus.co.za/latest-vaccine-statistics/
2022-09-13,20220913,4233638.0,2262394.0,10407573.0,5896916.0,3748951.0,2333580.0,765472.0,2321495.0,5602745.0,37572764,https://sacoronavirus.co.za/latest-vaccine-statistics/
2022-09-14,20220914,4235961.0,2262923.0,10408903.0,5898190.0,3749862.0,2334390.0,765663.0,2321751.0,5603536.0,37581179,https://sacoronavirus.co.za/latest-vaccine-statistics/
2022-09-15,20220915,4238304.0,2263456.0,10410267.0,5899235.0,3750887.0,2335142.0,766003.0,2322062.0,5604236.0,37589592,https://sacoronavirus.co.za/latest-vaccine-statistics/
2022-09-16,20220916,4240294.0,2263979.0,10411607.0,5900171.0,3751404.0,2335809.0,766262.0,2322221.0,5604868.0,37596615,https://sacoronavirus.co.za/latest-vaccine-statistics/
2022-09-17,20220917,4240296.0,2263992.0,10411869.0,5900280.0,3751418.0,2335842.0,766264.0,2322279.0,5604968.0,37597208,https://sacoronavirus.co.za/latest-vaccine-statistics/
2022-09-18,20220918,,,10411877.0,5900316.0,3751426.0,2335849.0,,2322451.0,5605003.0,37597474,https://sacoronavirus.co.za/latest-vaccine-statistics/
2022-09-19,20220919,4241390.0,2264365.0,10413255.0,5901230.0,3752336.0,2336603.0,766452.0,2322686.0,5605565.0,37603882,https://sacoronavirus.co.za/latest-vaccine-statistics/
2022-09-20,20220920,4242673.0,2264912.0,10414550.0,5901985.0,3753232.0,2337348.0,766721.0,2322894.0,5606110.0,37610425,https://sacoronavirus.co.za/latest-vaccine-statistics/
2022-09-21,20220921,4243273.0,2265415.0,10415847.0,5902820.0,3753998.0,2337945.0,766887.0,2323220.0,5606847.0,37616252,https://sacoronavirus.co.za/latest-vaccine-statistics/
2022-09-22,20220922,4244108.0,2265967.0,10417206.0,5903793.0,3754937.0,2338444.0,766996.0,2323563.0,5607501.0,37622515,https://sacoronavirus.co.za/latest-vaccine-statistics/
2022-09-23,20220923,4244511.0,2266313.0,10418426.0,5904510.0,3755647.0,2338914.0,767121.0,2323786.0,5608038.0,37627266,https://sacoronavirus.co.za/latest-vaccine-statistics/
2022-09-24,20220924,4244520.0,2266314.0,10418521.0,5904580.0,3755707.0,2338928.0,767123.0,2323932.0,5608062.0,37627687,https://sacoronavirus.co.za/latest-vaccine-statistics/
2022-09-25,20220925,4244524.0,,10418574.0,5904631.0,3755713.0,2338930.0,,2324061.0,5608068.0,37627938,https://sacoronavirus.co.za/latest-vaccine-statistics/
2022-09-26,20220926,4246270.0,2266721.0,10419763.0,5905585.0,3756367.0,2339533.0,767351.0,2324349.0,5608635.0,37634574,https://sacoronavirus.co.za/latest-vaccine-statistics/
2022-09-27,20220927,4247810.0,2267220.0,10421023.0,5906530.0,3757042.0,2340284.0,767582.0,2324678.0,5609224.0,37641393,https://sacoronavirus.co.za/latest-vaccine-statistics/
2022-09-28,20220928,4249339.0,2267744.0,10422450.0,5907486.0,3758002.0,2340782.0,767773.0,2325016.0,5609809.0,37648401,https://sacoronavirus.co.za/latest-vaccine-statistics/
2022-09-29,20220929,4250822.0,2268234.0,10423806.0,5908440.0,3758893.0,2341288.0,767984.0,2325282.0,5610330.0,37655079,https://sacoronavirus.co.za/latest-vaccine-statistics/
2022-09-30,20220930,4251840.0,2268512.0,10425038.0,5909121.0,3759490.0,2341958.0,768057.0,2325542.0,5610744.0,37660302,https://sacoronavirus.co.za/latest-vaccine-statistics/
2022-10-01,20221001,4251860.0,2268520.0,10425301.0,5909174.0,3759525.0,2341971.0,768062.0,2325660.0,5610819.0,37660892,https://sacoronavirus.co.za/latest-vaccine-statistics/
2022-10-02,20221002,4251861.0,,10425349.0,5909211.0,3759531.0,2341975.0,,2325790.0,5610820.0,37661119,https://sacoronavirus.co.za/latest-vaccine-statistics/
2022-10-03,20221003,4252731.0,2268803.0,10426565.0,5909923.0,3760375.0,2342349.0,768166.0,2326063.0,5611222.0,37666197,https://sacoronavirus.co.za/latest-vaccine-statistics/
2022-10-04,20221004,4253819.0,2269182.0,10427860.0,5910628.0,3761281.0,2342908.0,768281.0,2326316.0,5611695.0,37671970,https://sacoronavirus.co.za/latest-vaccine-statistics/
2022-10-05,20221005,4255264.0,2269567.0,10429330.0,5911556.0,3762400.0,2343562.0,768429.0,2326585.0,5612138.0,37678831,https://sacoronavirus.co.za/latest-vaccine-statistics/
2022-10-06,20221006,4256368.0,2269961.0,10430910.0,5912365.0,3763307.0,2344124.0,768488.0,2326918.0,5612576.0,37685017,https://sacoronavirus.co.za/latest-vaccine-statistics/
2022-10-07,20221007,4257364.0,2270228.0,10432197.0,5913101.0,3764005.0,2344655.0,768596.0,2327205.0,5613016.0,37690367,https://sacoronavirus.co.za/latest-vaccine-statistics/
2022-10-08,20221008,4257383.0,2270229.0,10432379.0,5913166.0,3764027.0,2344685.0,,2327328.0,5613119.0,37690912,https://sacoronavirus.co.za/latest-vaccine-statistics/
2022-10-09,20221009,4257384.0,2270239.0,10432394.0,5913212.0,3764063.0,2344691.0,768597.0,2327403.0,5613120.0,37691103,https://sacoronavirus.co.za/latest-vaccine-statistics/
2022-10-10,20221010,4258846.0,2270524.0,10433959.0,5914019.0,3765014.0,2345052.0,768737.0,2327749.0,5613549.0,37697449,https://sacoronavirus.co.za/latest-vaccine-statistics/
2022-10-11,20221011,4260316.0,2270909.0,10435396.0,5914806.0,3766255.0,2345395.0,768927.0,2328121.0,5614063.0,37704188,https://sacoronavirus.co.za/latest-vaccine-statistics/
2022-10-12,20221012,4262330.0,2271396.0,10436815.0,5915623.0,3767381.0,2346062.0,769182.0,2328462.0,5614590.0,37711841,https://sacoronavirus.co.za/latest-vaccine-statistics/
2022-10-13,20221013,4264111.0,2271813.0,10438322.0,5916535.0,3768635.0,2346479.0,769343.0,2328781.0,5615149.0,37719168,https://sacoronavirus.co.za/latest-vaccine-statistics/
2022-10-14,20221014,4265618.0,2272262.0,10439670.0,5917244.0,3769846.0,2346906.0,769486.0,2329087.0,5615716.0,37725835,https://sacoronavirus.co.za/latest-vaccine-statistics/
2022-10-15,20221015,4265632.0,2272263.0,10439865.0,5917338.0,3770060.0,2346928.0,769519.0,2329147.0,5615791.0,37726543,https://sacoronavirus.co.za/latest-vaccine-statistics/
2022-10-16,20221016,4265633.0,,10439917.0,5917384.0,3770068.0,2346935.0,,2329311.0,,37726821,https://sacoronavirus.co.za/latest-vaccine-statistics/
2022-10-17,20221017,4267215.0,2272509.0,10441460.0,5918140.0,3771394.0,2347708.0,769711.0,2329625.0,5616414.0,37734176,https://sacoronavirus.co.za/latest-vaccine-statistics/
2022-10-18,20221018,4269156.0,2272881.0,10442889.0,5918944.0,3772765.0,2348543.0,770023.0,2330022.0,5616896.0,37742119,https://sacoronavirus.co.za/latest-vaccine-statistics/
2022-10-19,20221019,4271281.0,2273371.0,10444439.0,5919822.0,3774169.0,2349476.0,770283.0,2330462.0,5617521.0,37750824,https://sacoronavirus.co.za/latest-vaccine-statistics/
2022-10-20,20221020,4273682.0,2273781.0,10445999.0,5920783.0,3775510.0,2350379.0,770498.0,2330971.0,5618130.0,37759733,https://sacoronavirus.co.za/latest-vaccine-statistics/
2022-10-21,20221021,4275067.0,2274073.0,10447331.0,5921545.0,3776686.0,2351254.0,770664.0,2331375.0,5618617.0,37766612,https://sacoronavirus.co.za/latest-vaccine-statistics/
2022-10-22,20221022,4275092.0,2274075.0,10447456.0,5921640.0,3776948.0,2351286.0,770687.0,2331530.0,5618714.0,37767428,https://sacoronavirus.co.za/latest-vaccine-statistics/
2022-10-23,20221023,4275099.0,,10447505.0,5921688.0,3777172.0,2351293.0,,2331712.0,5618715.0,37767946,https://sacoronavirus.co.za/latest-vaccine-statistics/
2022-10-24,20221024,4277331.0,2274388.0,10449007.0,5922594.0,3778526.0,2352056.0,770924.0,2332110.0,5619185.0,37776121,https://sacoronavirus.co.za/latest-vaccine-statistics/
2022-10-25,20221025,4279279.0,2274806.0,10450600.0,5923539.0,3779844.0,2352977.0,771187.0,2332646.0,5619823.0,37784701,https://sacoronavirus.co.za/latest-vaccine-statistics/
2022-10-26,20221026,4280078.0,2275370.0,10452388.0,5924597.0,3780627.0,2353725.0,771382.0,2333222.0,5620408.0,37791797,https://sacoronavirus.co.za/latest-vaccine-statistics/
2022-10-27,20221027,4280893.0,2275849.0,10453984.0,5925574.0,3781514.0,2354451.0,771605.0,2333698.0,5620924.0,37798492,https://sacoronavirus.co.za/latest-vaccine-statistics/
2022-10-28,20221028,4281320.0,2276129.0,10455534.0,5926355.0,3782335.0,2355115.0,771849.0,2334055.0,5621304.0,37803996,https://sacoronavirus.co.za/latest-vaccine-statistics/
2022-10-29,20221029,4281337.0,2276132.0,10455712.0,5926430.0,3782344.0,2355129.0,771865.0,2334139.0,5621375.0,37804463,https://sacoronavirus.co.za/latest-vaccine-statistics/
2022-10-30,20221030,4281338.0,2276133.0,10455760.0,5926473.0,3782355.0,2355133.0,,2334267.0,5621382.0,37804706,https://sacoronavirus.co.za/latest-vaccine-statistics/
2022-10-31,20221031,4282718.0,2276431.0,10457200.0,5927223.0,3783279.0,2355789.0,772062.0,2334635.0,5621966.0,37811303,https://sacoronavirus.co.za/latest-vaccine-statistics/
2022-11-01,20221101,4284405.0,2276747.0,10458803.0,5927908.0,3783987.0,2356349.0,772313.0,2335077.0,5622556.0,37818145,https://sacoronavirus.co.za/latest-vaccine-statistics/
2022-11-02,20221102,4286091.0,2277146.0,10460381.0,5928737.0,3785135.0,2357120.0,772511.0,2335500.0,5623157.0,37825778,https://sacoronavirus.co.za/latest-vaccine-statistics/
2022-11-03,20221103,4288006.0,2277487.0,10462106.0,5929657.0,3786351.0,2357786.0,772769.0,2335909.0,5623770.0,37833841,https://sacoronavirus.co.za/latest-vaccine-statistics/
2022-11-04,20221104,4289733.0,2277721.0,10463030.0,5930350.0,3787375.0,2358471.0,772961.0,2336266.0,5624326.0,37840233,https://sacoronavirus.co.za/latest-vaccine-statistics/
2022-11-05,20221105,4289747.0,2277724.0,10463260.0,5930406.0,3787402.0,2358541.0,,2336332.0,5624393.0,37840766,https://sacoronavirus.co.za/latest-vaccine-statistics/
2022-11-06,20221106,4289750.0,,10463291.0,5930432.0,3787411.0,2358543.0,,2336440.0,5624395.0,37840947,https://sacoronavirus.co.za/latest-vaccine-statistics/
2022-11-07,20221107,4291703.0,2277953.0,10464389.0,5931279.0,3788564.0,2359176.0,773132.0,2336674.0,5624944.0,37847814,https://sacoronavirus.co.za/latest-vaccine-statistics/
2022-11-08,20221108,4293632.0,2278158.0,10465379.0,5931963.0,3789613.0,2359777.0,773281.0,2336948.0,5625588.0,37854339,https://sacoronavirus.co.za/latest-vaccine-statistics/
2022-11-09,20221109,4295754.0,2278468.0,10467139.0,5932726.0,3791148.0,2360521.0,773467.0,2337397.0,5626233.0,37862853,https://sacoronavirus.co.za/latest-vaccine-statistics/
2022-11-10,20221110,4297740.0,2278780.0,10468923.0,5933469.0,3792548.0,2361155.0,773738.0,2337922.0,5626943.0,37871218,https://sacoronavirus.co.za/latest-vaccine-statistics/
2022-11-11,20221111,4299463.0,2279019.0,10470032.0,5934252.0,3793800.0,2361818.0,774068.0,2338180.0,5627644.0,37878276,https://sacoronavirus.co.za/latest-vaccine-statistics/
2022-11-12,20221112,4299509.0,2279023.0,10470144.0,5934307.0,3793820.0,2361865.0,774070.0,2338260.0,5627750.0,37878748,https://sacoronavirus.co.za/latest-vaccine-statistics/
2022-11-13,20221113,4299517.0,,10470154.0,5934322.0,3793824.0,2361869.0,,2338372.0,,37878901,https://sacoronavirus.co.za/latest-vaccine-statistics/
2022-11-14,20221114,4301728.0,2279327.0,10471858.0,5935126.0,3794855.0,2362423.0,774358.0,2338816.0,5628269.0,37886760,https://sacoronavirus.co.za/latest-vaccine-statistics/
2022-11-15,20221115,4304158.0,2279680.0,10473584.0,5935838.0,3796001.0,2363086.0,774634.0,2339435.0,5628840.0,37895256,https://sacoronavirus.co.za/latest-vaccine-statistics/
2022-11-16,20221116,4306228.0,2280041.0,10475341.0,5936683.0,3797380.0,2363780.0,774974.0,2340080.0,5629540.0,37904047,https://sacoronavirus.co.za/latest-vaccine-statistics/
2022-11-17,20221117,4308466.0,2280333.0,10477083.0,5937570.0,3798333.0,2364356.0,775190.0,2340630.0,5630196.0,37912157,https://sacoronavirus.co.za/latest-vaccine-statistics/
2022-11-18,20221118,4310258.0,2280538.0,10478704.0,5938318.0,3799180.0,2364767.0,775451.0,2341270.0,5630813.0,37919299,https://sacoronavirus.co.za/latest-vaccine-statistics/
2022-11-19,20221119,4310266.0,2280541.0,10478882.0,5938375.0,3799194.0,2364795.0,775498.0,2341370.0,5630895.0,37919816,https://sacoronavirus.co.za/latest-vaccine-statistics/
2022-11-20,20221120,4310280.0,,10478934.0,5938400.0,3799204.0,2364804.0,,2341520.0,5630897.0,37920078,https://sacoronavirus.co.za/latest-vaccine-statistics/
2022-11-21,20221121,4311597.0,2280845.0,10480581.0,5939159.0,3800309.0,2365438.0,775683.0,2342164.0,5631177.0,37926953,https://sacoronavirus.co.za/latest-vaccine-statistics/
2022-11-22,20221122,4312554.0,2281130.0,10482152.0,5939877.0,3801264.0,2365932.0,775910.0,2342652.0,5631526.0,37932997,https://sacoronavirus.co.za/latest-vaccine-statistics/
2022-11-23,20221123,4313724.0,2281479.0,10484138.0,5940599.0,3802488.0,2366416.0,776217.0,2343196.0,5631985.0,37940242,https://sacoronavirus.co.za/latest-vaccine-statistics/
2022-11-24,20221124,4315694.0,2281863.0,10486128.0,5941288.0,3803496.0,2366949.0,776477.0,2343734.0,5632600.0,37948229,https://sacoronavirus.co.za/latest-vaccine-statistics/
2022-11-25,20221125,4316890.0,2282092.0,10487574.0,5941796.0,3804317.0,2367321.0,776641.0,2344113.0,5633144.0,37953888,https://sacoronavirus.co.za/latest-vaccine-statistics/
2022-11-26,20221126,4316912.0,2282130.0,10487753.0,5941886.0,3804338.0,2367325.0,,2344198.0,5633207.0,37954390,https://sacoronavirus.co.za/latest-vaccine-statistics/
2022-11-27,20221127,4316932.0,2282198.0,10487783.0,5941918.0,3804345.0,2367350.0,,2344332.0,,37954706,https://sacoronavirus.co.za/latest-vaccine-statistics/
2022-11-28,20221128,4318545.0,2282424.0,10489524.0,5942639.0,3805119.0,2367850.0,776884.0,2344848.0,5633722.0,37961555,https://sacoronavirus.co.za/latest-vaccine-statistics/
2022-11-29,20221129,4320375.0,2282832.0,10491357.0,5943346.0,3805979.0,2368316.0,777260.0,2345347.0,5634433.0,37969245,https://sacoronavirus.co.za/latest-vaccine-statistics/
2022-11-30,20221130,4322143.0,2283417.0,10493194.0,5943991.0,3806666.0,2368798.0,777498.0,2345982.0,5635181.0,37976870,https://sacoronavirus.co.za/latest-vaccine-statistics/
2022-12-01,20221201,4323950.0,2283692.0,10495077.0,5944579.0,3807495.0,2369244.0,777676.0,2346437.0,5635902.0,37984052,https://sacoronavirus.co.za/latest-vaccine-statistics/
2022-12-02,20221202,4325272.0,2283859.0,10496385.0,5944997.0,3808112.0,2369687.0,777823.0,2346787.0,5636325.0,37989247,https://sacoronavirus.co.za/latest-vaccine-statistics/
2022-12-03,20221203,4325285.0,,10496523.0,5945030.0,3808141.0,2369706.0,,2346853.0,5636337.0,37989557,https://sacoronavirus.co.za/latest-vaccine-statistics/
2022-12-04,20221204,4325308.0,,10496553.0,5945045.0,3808145.0,2369789.0,,2346969.0,,37989828,https://sacoronavirus.co.za/latest-vaccine-statistics/
2022-12-05,20221205,4326327.0,2284022.0,10497572.0,5945549.0,3808776.0,2370136.0,777959.0,2347261.0,5636901.0,37994503,https://sacoronavirus.co.za/latest-vaccine-statistics/
2022-12-06,20221206,4327533.0,2284233.0,10499085.0,5946101.0,3809511.0,2370525.0,778100.0,2347602.0,5637480.0,38000170,https://sacoronavirus.co.za/latest-vaccine-statistics/
